genome_id,#ID,DGRcomp
3300008299_26,3300008299.a:Ga0114868_1002450,TR
3300029103_16,3300029103.a:Ga0169220_101372,TR
3300029004_6,3300029004.a:Ga0169688_100085,TR
3300029002_7,3300029002.a:Ga0169634_100228,TR
3300029577_28,3300029577.a:Ga0244883_101281,TR
3300029094_10,3300029094.a:Ga0169183_100111,TR
3300008479_28,3300008479.a:Ga0114883_1000170,TR
3300029747_27,3300029747.a:Ga0245228_102878,TR
3300029841_26,3300029841.a:Ga0245272_100317,TR
3300029815_34,3300029815.a:Ga0244882_1002184,TR
3300029501_14,3300029501.a:Ga0244796_101460,TR
3300008733_13,3300008733.a:Ga0115617_102111,TR
3300008672_42,3300008672.a:Ga0111519_106221,TR
3300007184_22,3300007184.a:Ga0103258_103640,TR
3300029028_11,3300029028.a:Ga0169666_100059,TR
3300014572_8,3300014572.a:Ga0134457_1000015,TR
3300008716_20,3300008716.a:Ga0113874_102609,TR
3300014782_12,3300014782.a:Ga0134389_1000032,TR
3300007361_13,3300007361.a:Ga0104787_100030,TR
3300028581_23,3300028581.a:Ga0247840_10016850,TR
3300014794_17,3300014794.a:Ga0134448_1000157,TR
3300029533_4,3300029533.a:Ga0245046_100781,TR
3300007299_20,3300007299.a:Ga0104319_1000167,TR
3300029739_29,3300029739.a:Ga0245187_100411,TR
3300029622_37,3300029622.a:Ga0245124_1003470,TR
3300029492_26,3300029492.a:Ga0244090_100945,TR
3300014789_12,3300014789.a:Ga0134406_1000033,TR
3300008299_25,3300008299.a:Ga0114868_1000952,TR
3300029881_15,3300029881.a:Ga0245307_1000580,TR
3300025682_87,3300025682.a:Ga0209718_1002381,TR
3300017522_8,3300017522.a:Ga0185323_1003514,TR
3300007298_17,3300007298.a:Ga0104838_101345,TR
3300005460_46,3300005460.a:Ga0073908_1000149,TR
3300011764_2,3300011764.a:Ga0122012_100011,TR
3300010998_17,3300010998.a:Ga0139311_1007302,TR
3300005838_13,3300005838.a:Ga0008649_10000693,TR
3300029393_7,3300029393.a:Ga0243986_1000011,TR
3300029369_5,3300029369.a:Ga0243960_100046,TR
3300014803_12,3300014803.a:Ga0134430_1000010,TR
3300011825_7,3300011825.a:Ga0120832_100011,TR
3300011750_1,3300011750.a:Ga0122232_100017,TR
3300008726_3,3300008726.a:Ga0113881_100043,TR
3300008301_1,3300008301.a:Ga0114871_100013,TR
3300008149_4,3300008149.a:Ga0114293_100008,TR
3300029820_17,3300029820.a:Ga0245026_100358,TR
3300029748_16,3300029748.a:Ga0245205_1000067,TR
3300029703_24,3300029703.a:Ga0245234_100095,TR
3300029692_16,3300029692.a:Ga0245170_100133,TR
3300029595_9,3300029595.a:Ga0245140_100333,TR
3300029498_8,3300029498.a:Ga0244218_100034,TR
3300029444_21,3300029444.a:Ga0243728_1000086,TR
3300028581_33,3300028581.a:Ga0247840_10000130,TR
3300028189_11,3300028189.a:Ga0257127_1002123,TR
3300027276_18,3300027276.a:Ga0208297_1000383,TR
3300026288_4,3300026288.a:Ga0209572_1000137,TR
3300026288_25,3300026288.a:Ga0209572_1000178,TR
3300025859_62,3300025859.a:Ga0209096_1000193,TR
3300017532_13,3300017532.a:Ga0185302_10009931,TR
3300014552_8,3300014552.a:Ga0134450_100023,TR
3300014545_3,3300014545.a:Ga0134392_100004,TR
3300011977_7,3300011977.a:Ga0120375_1000428,TR
3300011951_3,3300011951.a:Ga0120977_100043,TR
3300008728_2,3300008728.a:Ga0115675_100012,TR
3300007210_2,3300007210.a:Ga0103359_100270,TR
3300006428_5,3300006428.a:Ga0100050_10002,TR
3300029885_15,3300029885.a:Ga0245329_100622,TR
3300029856_23,3300029856.a:Ga0245296_102465,TR
3300029795_17,3300029795.a:Ga0243742_1000536,TR
3300029778_24,3300029778.a:Ga0243887_1000175,TR
3300029757_5,3300029757.a:Ga0243876_100013,TR
3300029550_11,3300029550.a:Ga0245019_100020,TR
3300029116_10,3300029116.a:Ga0168822_100166,TR
3300029090_7,3300029090.a:Ga0169218_100209,TR
3300029076_3,3300029076.a:Ga0169233_100049,TR
3300029013_3,3300029013.a:Ga0169598_100249,TR
3300027835_46,3300027835.a:Ga0209515_10052792,TR
3300027276_14,3300027276.a:Ga0208297_1000649,TR
3300023257_4,3300023257.a:Ga0222658_1004186,TR
3300021326_34,3300021326.a:Ga0214518_100794,TR
3300014808_12,3300014808.a:Ga0134443_1000164,TR
3300014789_7,3300014789.a:Ga0134406_1000032,TR
3300014752_4,3300014752.a:Ga0169821_100024,TR
3300014744_3,3300014744.a:Ga0134393_100006,TR
3300014557_4,3300014557.a:Ga0169723_100285,TR
3300014522_2,3300014522.a:Ga0169727_100060,TR
3300012007_2,3300012007.a:Ga0120382_1002284,TR
3300029762_13,3300029762.a:Ga0245183_100063,TR
3300029681_13,3300029681.a:Ga0245167_100046,TR
3300029671_10,3300029671.a:Ga0245181_100545,TR
3300029607_17,3300029607.a:Ga0244907_100588,TR
3300029563_16,3300029563.a:Ga0245114_100038,TR
3300029494_23,3300029494.a:Ga0244011_1000001,TR
3300029493_22,3300029493.a:Ga0244010_1000012,TR
3300029441_29,3300029441.a:Ga0243753_1000714,TR
3300029316_8,3300029316.a:Ga0242768_100041,TR
3300029227_13,3300029227.a:Ga0168687_100074,TR
3300029118_15,3300029118.a:Ga0168844_100043,TR
3300029075_2,3300029075.a:Ga0169206_10001,TR
3300029068_1,3300029068.a:Ga0169188_10044,TR
3300029066_1,3300029066.a:Ga0169219_10081,TR
3300029065_1,3300029065.a:Ga0169207_1018,TR
3300028972_1,3300028972.a:Ga0169595_10049,TR
3300028966_3,3300028966.a:Ga0169696_100014,TR
3300028603_61,3300028603.a:Ga0265293_10011709,TR
3300028553_25,3300028553.a:Ga0247839_1000249,TR
3300028277_9,3300028277.a:Ga0257116_1002205,TR
3300028174_7,3300028174.a:Ga0257123_1004098,TR
3300026302_10,3300026302.a:Ga0209794_1000060,TR
3300026286_8,3300026286.a:Ga0209460_1000030,TR
3300026255_2,3300026255.a:Ga0209613_1001223,TR
3300026198_1,3300026198.a:Ga0209313_1001168,TR
3300025858_89,3300025858.a:Ga0209099_1000056,TR
3300025600_10,3300025600.a:Ga0209125_1000041,TR
3300025575_9,3300025575.a:Ga0209430_1000272,TR
3300023211_11,3300023211.a:Ga0255842_1583140,TR
3300020698_5,3300020698.a:Ga0214241_1000446,TR
3300020394_9,3300020394.a:Ga0211497_10003208,TR
3300020387_3,3300020387.a:Ga0211590_10000132,TR
3300017434_8,3300017434.a:Ga0185313_10000370,TR
3300015370_20,3300015370.a:Ga0180009_10040752,TR
3300014938_8,3300014938.a:Ga0134444_100169,TR
3300014792_12,3300014792.a:Ga0134427_1000023,TR
3300014548_6,3300014548.a:Ga0134459_100022,TR
3300013138_188,3300013138.a:Ga0172371_10049752,TR
3300010278_17,3300010278.a:Ga0129311_1003661,TR
3300009773_6,3300009773.a:Ga0123333_10003185,TR
3300009770_6,3300009770.a:Ga0123332_1002847,TR
3300008497_4,3300008497.a:Ga0111011_100081,TR
3300007524_25,3300007524.a:Ga0105481_1000084,TR
3300001598_55,3300001598.a:EMG_10028914,TR
3300029876_30,3300029876.a:Ga0245325_106910,TR
3300029714_18,3300029714.a:Ga0245242_1000166,TR
3300029703_30,3300029703.a:Ga0245234_104540,TR
3300029660_8,3300029660.a:Ga0242817_100005,TR
3300029595_13,3300029595.a:Ga0245140_100025,TR
3300029582_8,3300029582.a:Ga0245118_100081,TR
3300029564_15,3300029564.a:Ga0244919_100004,TR
3300029403_9,3300029403.a:Ga0243191_100356,TR
3300029392_11,3300029392.a:Ga0243989_1000002,TR
3300029391_12,3300029391.a:Ga0243992_100042,TR
3300029390_10,3300029390.a:Ga0243991_1000017,TR
3300029365_23,3300029365.a:Ga0243866_1000012,TR
3300029303_19,3300029303.a:Ga0168703_1000010,TR
3300029130_18,3300029130.a:Ga0168772_100039,TR
3300029126_12,3300029126.a:Ga0168786_100078,TR
3300028580_17,3300028580.a:Ga0268357_100070,TR
3300027979_9,3300027979.a:Ga0209705_10000068,TR
3300027955_2,3300027955.a:Ga0209078_1000033,TR
3300027850_11,3300027850.a:Ga0209591_10002909,TR
3300027818_12,3300027818.a:Ga0209706_10001429,TR
3300027723_3,3300027723.a:Ga0209703_1000591,TR
3300027111_7,3300027111.a:Ga0209281_1000015,TR
3300025738_23,3300025738.a:Ga0209292_1000073,TR
3300025656_14,3300025656.a:Ga0209054_1000468,TR
3300025642_40,3300025642.a:Ga0208648_1000010,TR
3300025384_1,3300025384.a:Ga0208218_1000101,TR
3300025354_2,3300025354.a:Ga0208477_100533,TR
3300025348_3,3300025348.a:Ga0208353_100526,TR
3300024903_3,3300024903.a:Ga0208519_100003,TR
3300024901_4,3300024901.a:Ga0208517_100163,TR
3300022885_5,3300022885.a:Ga0222662_1000001,TR
3300022856_2,3300022856.a:Ga0222671_1000001,TR
3300022842_2,3300022842.a:Ga0222632_1000001,TR
3300021326_32,3300021326.a:Ga0214518_101229,TR
3300021319_14,3300021319.a:Ga0214520_101053,TR
3300021318_27,3300021318.a:Ga0214506_1000673,TR
3300021306_13,3300021306.a:Ga0214508_1000827,TR
3300020596_18,3300020596.a:Ga0163149_10002453,TR
3300020201_34,3300020201.a:Ga0163154_10011008,TR
3300014555_2,3300014555.a:Ga0134422_100010,TR
3300014039_20,3300014039.a:Ga0116646_1000116,TR
3300012829_2,3300012829.a:Ga0160467_100199,TR
3300012824_1,3300012824.a:Ga0160469_100040,TR
3300011847_3,3300011847.a:Ga0122095_100101,TR
3300011823_3,3300011823.a:Ga0122800_100003,TR
3300008620_3,3300008620.a:Ga0111272_100039,TR
3300008404_9,3300008404.a:Ga0115185_101399,TR
3300008350_2,3300008350.a:Ga0115414_100003,TR
3300008154_8,3300008154.a:Ga0114321_1000016,TR
3300008077_11,3300008077.a:Ga0105964_1000077,TR
3300008063_20,3300008063.a:Ga0113867_100254,TR
3300007783_5,3300007783.a:Ga0105777_100022,TR
3300007353_21,3300007353.a:Ga0104758_100148,TR
3300007318_2,3300007318.a:Ga0104925_100052,TR
3300007210_10,3300007210.a:Ga0103359_100122,TR
3300001567_61,3300001567.a:Draft_10012884,TR
3300029947_3,3300029947.a:Ga0116655_100031,TR
3300029893_34,3300029893.a:Ga0246236_1000265,TR
3300029884_4,3300029884.a:Ga0245328_100167,TR
3300029851_15,3300029851.a:Ga0245290_100046,TR
3300029782_26,3300029782.a:Ga0245253_100484,TR
3300029729_5,3300029729.a:Ga0245191_100644,TR
3300029725_15,3300029725.a:Ga0245208_100241,TR
3300029715_17,3300029715.a:Ga0245215_1002467,TR
3300029696_26,3300029696.a:Ga0245263_100122,TR
3300029694_17,3300029694.a:Ga0245247_100134,TR
3300029681_10,3300029681.a:Ga0245167_100020,TR
3300029678_5,3300029678.a:Ga0245195_100208,TR
3300029676_6,3300029676.a:Ga0243825_100069,TR
3300029675_5,3300029675.a:Ga0245254_100293,TR
3300029675_10,3300029675.a:Ga0245254_100122,TR
3300029668_15,3300029668.a:Ga0245235_100427,TR
3300029621_40,3300029621.a:Ga0245126_1000457,TR
3300029528_2,3300029528.a:Ga0244850_100614,TR
3300029516_15,3300029516.a:Ga0244799_100013,TR
3300029494_7,3300029494.a:Ga0244011_1001810,TR
3300029493_6,3300029493.a:Ga0244010_1000057,TR
3300029469_9,3300029469.a:Ga0244168_100017,TR
3300029467_11,3300029467.a:Ga0244104_100258,TR
3300029405_2,3300029405.a:Ga0243959_100143,TR
3300029402_5,3300029402.a:Ga0243962_100170,TR
3300029372_3,3300029372.a:Ga0243963_100042,TR
3300029371_2,3300029371.a:Ga0243958_100195,TR
3300029370_13,3300029370.a:Ga0243957_100787,TR
3300029370_11,3300029370.a:Ga0243957_100137,TR
3300029340_21,3300029340.a:Ga0243727_1000072,TR
3300029340_12,3300029340.a:Ga0243727_1000402,TR
3300029250_21,3300029250.a:Ga0167474_1000019,TR
3300029220_6,3300029220.a:Ga0168707_100216,TR
3300029136_35,3300029136.a:Ga0168747_100408,TR
3300029115_10,3300029115.a:Ga0168848_100077,TR
3300029097_2,3300029097.a:Ga0169217_100686,TR
3300029093_4,3300029093.a:Ga0169226_100422,TR
3300029086_6,3300029086.a:Ga0169215_100982,TR
3300029085_1,3300029085.a:Ga0169201_100008,TR
3300029060_4,3300029060.a:Ga0169602_1000124,TR
3300029029_4,3300029029.a:Ga0169670_100184,TR
3300028986_2,3300028986.a:Ga0169616_100057,TR
3300028985_2,3300028985.a:Ga0169615_10016,TR
3300028959_6,3300028959.a:Ga0169703_100057,TR
3300028581_34,3300028581.a:Ga0247840_10026443,TR
3300028559_19,3300028559.a:Ga0247831_1004555,TR
3300028188_5,3300028188.a:Ga0257124_1001284,TR
3300028177_7,3300028177.a:Ga0257122_1001511,TR
3300028175_9,3300028175.a:Ga0257117_1004190,TR
3300028114_13,3300028114.a:Ga0247835_1002170,TR
3300027848_30,3300027848.a:Ga0209390_10004804,TR
3300027835_133,3300027835.a:Ga0209515_10000214,TR
3300027819_183,3300027819.a:Ga0209514_10005199,TR
3300027819_166,3300027819.a:Ga0209514_10000774,TR
3300027819_137,3300027819.a:Ga0209514_10011287,TR
3300027489_3,3300027489.a:Ga0255095_1004647,TR
3300025784_67,3300025784.a:Ga0209200_1003178,TR
3300025737_42,3300025737.a:Ga0208694_1000421,TR
3300025689_71,3300025689.a:Ga0209407_1022585,TR
3300025631_67,3300025631.a:Ga0209204_1002788,TR
3300025629_47,3300025629.a:Ga0208824_1008081,TR
3300025603_37,3300025603.a:Ga0208414_1000752,TR
3300025601_20,3300025601.a:Ga0208768_1000399,TR
3300025589_20,3300025589.a:Ga0209409_1001582,TR
3300025513_31,3300025513.a:Ga0208413_1004387,TR
3300025502_27,3300025502.a:Ga0208903_1003442,TR
3300025431_5,3300025431.a:Ga0209449_1002373,TR
3300024964_1,3300024964.a:Ga0208514_100057,TR
3300022181_19,3300022181.a:Ga0228535_1000139,TR
3300020179_51,3300020179.a:Ga0194134_10018746,TR
3300019458_16,3300019458.a:Ga0187892_10009080,TR
3300018878_277,3300018878.a:Ga0187910_10005876,TR
3300018878_151,3300018878.a:Ga0187910_10074716,TR
3300014970_3,3300014970.a:Ga0169826_100154,TR
3300014948_7,3300014948.a:Ga0134487_100358,TR
3300014921_2,3300014921.a:Ga0169822_100036,TR
3300014830_6,3300014830.a:Ga0119906_1000638,TR
3300014782_5,3300014782.a:Ga0134389_1000019,TR
3300014563_2,3300014563.a:Ga0134418_1000104,TR
3300014553_5,3300014553.a:Ga0134451_100004,TR
3300014502_70,3300014502.a:Ga0182021_10013738,TR
3300014490_14,3300014490.a:Ga0182010_10002057,TR
3300014204_19,3300014204.a:Ga0172381_10053382,TR
3300014028_8,3300014028.a:Ga0117810_1000001,TR
3300013138_209,3300013138.a:Ga0172371_10000752,TR
3300013137_185,3300013137.a:Ga0172375_10010635,TR
3300013125_107,3300013125.a:Ga0172369_10000548,TR
3300012850_2,3300012850.a:Ga0160434_100059,TR
3300012016_18,3300012016.a:Ga0120387_1003215,TR
3300011977_5,3300011977.a:Ga0120375_1002060,TR
3300010372_14,3300010372.a:Ga0114984_1000174,TR
3300010167_39,3300010167.a:Ga0123353_10000088,TR
3300008722_3,3300008722.a:Ga0113880_1000036,TR
3300008676_4,3300008676.a:Ga0111520_100224,TR
3300008620_9,3300008620.a:Ga0111272_100019,TR
3300008561_10,3300008561.a:Ga0111060_100001,TR
3300008551_23,3300008551.a:Ga0111058_100033,TR
3300008478_10,3300008478.a:Ga0114882_100125,TR
3300008268_19,3300008268.a:Ga0111491_1000105,TR
3300008079_6,3300008079.a:Ga0105956_100053,TR
3300007991_8,3300007991.a:Ga0105643_101481,TR
3300007797_13,3300007797.a:Ga0105663_102362,TR
3300007519_19,3300007519.a:Ga0105055_10013785,TR
3300007305_26,3300007305.a:Ga0104872_101887,TR
3300007298_3,3300007298.a:Ga0104838_100974,TR
3300007098_4,3300007098.a:Ga0102540_100092,TR
3300006568_3,3300006568.a:Ga0100215_100016,TR
3300006523_1,3300006523.a:Ga0101039_100424,TR
3300005460_61,3300005460.a:Ga0073908_1009128,TR
3300029880_19,3300029880.a:Ga0245255_100117,TR
3300029877_12,3300029877.a:Ga0245326_100040,TR
3300029875_20,3300029875.a:Ga0245324_100003,TR
3300029874_14,3300029874.a:Ga0245322_100311,TR
3300029870_10,3300029870.a:Ga0245312_100017,TR
3300029860_15,3300029860.a:Ga0245305_1000281,TR
3300029856_27,3300029856.a:Ga0245296_100438,TR
3300029856_18,3300029856.a:Ga0245296_100015,TR
3300029856_12,3300029856.a:Ga0245296_100007,TR
3300029855_27,3300029855.a:Ga0245295_1000311,TR
3300029855_23,3300029855.a:Ga0245295_1000012,TR
3300029853_14,3300029853.a:Ga0245292_100088,TR
3300029846_16,3300029846.a:Ga0245279_100052,TR
3300029842_12,3300029842.a:Ga0245273_100052,TR
3300029840_12,3300029840.a:Ga0245268_100122,TR
3300029820_20,3300029820.a:Ga0245026_100080,TR
3300029796_29,3300029796.a:Ga0243875_1000291,TR
3300029795_21,3300029795.a:Ga0243742_1000157,TR
3300029791_23,3300029791.a:Ga0243849_1000505,TR
3300029789_21,3300029789.a:Ga0243734_1000096,TR
3300029788_17,3300029788.a:Ga0243743_1000076,TR
3300029784_7,3300029784.a:Ga0243806_1000007,TR
3300029782_12,3300029782.a:Ga0245253_100452,TR
3300029779_18,3300029779.a:Ga0243834_1000016,TR
3300029778_21,3300029778.a:Ga0243887_1000095,TR
3300029777_16,3300029777.a:Ga0243715_1000111,TR
3300029771_11,3300029771.a:Ga0243801_100311,TR
3300029767_17,3300029767.a:Ga0243804_100117,TR
3300029763_10,3300029763.a:Ga0243796_100434,TR
3300029762_11,3300029762.a:Ga0245183_100001,TR
3300029760_8,3300029760.a:Ga0242787_100068,TR
3300029757_7,3300029757.a:Ga0243876_100160,TR
3300029757_6,3300029757.a:Ga0243876_101518,TR
3300029757_10,3300029757.a:Ga0243876_100019,TR
3300029756_11,3300029756.a:Ga0242840_100066,TR
3300029750_8,3300029750.a:Ga0242832_100123,TR
3300029749_39,3300029749.a:Ga0245202_1001793,TR
3300029743_12,3300029743.a:Ga0245246_103376,TR
3300029742_27,3300029742.a:Ga0245239_100261,TR
3300029737_14,3300029737.a:Ga0245199_100005,TR
3300029731_10,3300029731.a:Ga0245178_100258,TR
3300029730_8,3300029730.a:Ga0245159_100088,TR
3300029728_18,3300029728.a:Ga0245197_100087,TR
3300029728_13,3300029728.a:Ga0245197_100024,TR
3300029727_15,3300029727.a:Ga0245198_100020,TR
3300029727_14,3300029727.a:Ga0245198_100012,TR
3300029726_12,3300029726.a:Ga0245201_100033,TR
3300029722_13,3300029722.a:Ga0245188_100243,TR
3300029720_15,3300029720.a:Ga0245229_1000262,TR
3300029719_18,3300029719.a:Ga0245179_1000174,TR
3300029718_23,3300029718.a:Ga0245237_1000006,TR
3300029716_25,3300029716.a:Ga0245260_1000147,TR
3300029713_26,3300029713.a:Ga0245252_100008,TR
3300029712_19,3300029712.a:Ga0245206_100031,TR
3300029712_17,3300029712.a:Ga0245206_100503,TR
3300029711_30,3300029711.a:Ga0245193_100501,TR
3300029711_29,3300029711.a:Ga0245193_100034,TR
3300029710_19,3300029710.a:Ga0245233_100029,TR
3300029710_13,3300029710.a:Ga0245233_100124,TR
3300029708_27,3300029708.a:Ga0245189_100348,TR
3300029707_17,3300029707.a:Ga0245244_100016,TR
3300029704_22,3300029704.a:Ga0245212_100008,TR
3300029704_10,3300029704.a:Ga0245212_100116,TR
3300029702_20,3300029702.a:Ga0245265_100021,TR
3300029700_19,3300029700.a:Ga0245207_100222,TR
3300029684_21,3300029684.a:Ga0245194_100010,TR
3300029684_15,3300029684.a:Ga0245194_100378,TR
3300029682_11,3300029682.a:Ga0242767_100071,TR
3300029672_12,3300029672.a:Ga0243361_100104,TR
3300029653_8,3300029653.a:Ga0245224_100008,TR
3300029650_10,3300029650.a:Ga0245264_100006,TR
3300029634_12,3300029634.a:Ga0242800_100074,TR
3300029623_33,3300029623.a:Ga0245138_1000009,TR
3300029617_7,3300029617.a:Ga0245125_100088,TR
3300029611_23,3300029611.a:Ga0245149_100049,TR
3300029611_14,3300029611.a:Ga0245149_100114,TR
3300029610_36,3300029610.a:Ga0245132_100377,TR
3300029610_20,3300029610.a:Ga0245132_100003,TR
3300029610_16,3300029610.a:Ga0245132_100028,TR
3300029609_20,3300029609.a:Ga0245148_100192,TR
3300029594_30,3300029594.a:Ga0245142_100037,TR
3300029594_15,3300029594.a:Ga0245142_100408,TR
3300029589_35,3300029589.a:Ga0245106_100028,TR
3300029587_24,3300029587.a:Ga0245119_100116,TR
3300029583_9,3300029583.a:Ga0245123_100750,TR
3300029580_17,3300029580.a:Ga0245096_100154,TR
3300029580_13,3300029580.a:Ga0245096_100459,TR
3300029579_27,3300029579.a:Ga0244893_100490,TR
3300029579_22,3300029579.a:Ga0244893_100054,TR
3300029562_14,3300029562.a:Ga0245122_100002,TR
3300029559_19,3300029559.a:Ga0244915_100032,TR
3300029555_15,3300029555.a:Ga0245053_100349,TR
3300029551_16,3300029551.a:Ga0245011_100015,TR
3300029551_10,3300029551.a:Ga0245011_100033,TR
3300029528_9,3300029528.a:Ga0244850_100128,TR
3300029527_9,3300029527.a:Ga0244938_100033,TR
3300029517_18,3300029517.a:Ga0244792_100198,TR
3300029495_16,3300029495.a:Ga0244015_1000121,TR
3300029494_18,3300029494.a:Ga0244011_1000044,TR
3300029494_17,3300029494.a:Ga0244011_1000278,TR
3300029493_28,3300029493.a:Ga0244010_1000008,TR
3300029493_16,3300029493.a:Ga0244010_1000314,TR
3300029492_13,3300029492.a:Ga0244090_100054,TR
3300029489_10,3300029489.a:Ga0244014_1000019,TR
3300029486_13,3300029486.a:Ga0244145_100128,TR
3300029481_13,3300029481.a:Ga0244053_100304,TR
3300029464_5,3300029464.a:Ga0244165_100046,TR
3300029461_6,3300029461.a:Ga0244130_100012,TR
3300029454_10,3300029454.a:Ga0244180_100021,TR
3300029446_11,3300029446.a:Ga0167332_1000131,TR
3300029438_23,3300029438.a:Ga0243733_1000103,TR
3300029437_32,3300029437.a:Ga0242826_1000191,TR
3300029436_21,3300029436.a:Ga0243833_1000024,TR
3300029432_7,3300029432.a:Ga0243805_100005,TR
3300029428_22,3300029428.a:Ga0242788_100252,TR
3300029426_21,3300029426.a:Ga0242789_100063,TR
3300029410_12,3300029410.a:Ga0242843_100055,TR
3300029406_6,3300029406.a:Ga0242805_100041,TR
3300029402_6,3300029402.a:Ga0243962_100063,TR
3300029396_11,3300029396.a:Ga0242782_100111,TR
3300029395_9,3300029395.a:Ga0243972_100190,TR
3300029395_12,3300029395.a:Ga0243972_100019,TR
3300029393_21,3300029393.a:Ga0243986_1000356,TR
3300029384_6,3300029384.a:Ga0243983_1000029,TR
3300029368_11,3300029368.a:Ga0243967_100059,TR
3300029367_6,3300029367.a:Ga0243974_100005,TR
3300029366_6,3300029366.a:Ga0243930_100016,TR
3300029363_7,3300029363.a:Ga0243878_100164,TR
3300029360_5,3300029360.a:Ga0243814_1000022,TR
3300029348_11,3300029348.a:Ga0243800_100169,TR
3300029341_21,3300029341.a:Ga0243736_1000102,TR
3300029336_6,3300029336.a:Ga0243752_100092,TR
3300029336_30,3300029336.a:Ga0243752_100151,TR
3300029330_20,3300029330.a:Ga0242808_100080,TR
3300029329_9,3300029329.a:Ga0242807_100045,TR
3300029328_10,3300029328.a:Ga0242837_100209,TR
3300029323_6,3300029323.a:Ga0243332_100046,TR
3300029320_9,3300029320.a:Ga0242818_100062,TR
3300029313_13,3300029313.a:Ga0242781_100117,TR
3300029295_12,3300029295.a:Ga0134373_100076,TR
3300029249_12,3300029249.a:Ga0168690_1000017,TR
3300029248_22,3300029248.a:Ga0168696_1000249,TR
3300029238_9,3300029238.a:Ga0168766_101453,TR
3300029230_22,3300029230.a:Ga0168685_100346,TR
3300029207_6,3300029207.a:Ga0168683_100072,TR
3300029191_7,3300029191.a:Ga0168694_100303,TR
3300029138_5,3300029138.a:Ga0168728_100002,TR
3300029136_15,3300029136.a:Ga0168747_100120,TR
3300029132_11,3300029132.a:Ga0168796_100084,TR
3300029122_23,3300029122.a:Ga0168799_1000508,TR
3300029099_6,3300029099.a:Ga0169186_100001,TR
3300029095_13,3300029095.a:Ga0169229_100149,TR
3300029087_7,3300029087.a:Ga0169172_100048,TR
3300029079_3,3300029079.a:Ga0169227_100004,TR
3300029036_7,3300029036.a:Ga0169607_1000005,TR
3300029035_3,3300029035.a:Ga0169586_100079,TR
3300028958_2,3300028958.a:Ga0169756_100063,TR
3300028640_15,3300028640.a:Ga0302237_1000109,TR
3300028630_19,3300028630.a:Ga0302247_1000054,TR
3300028628_17,3300028628.a:Ga0302249_1000008,TR
3300028593_33,3300028593.a:Ga0255347_1004275,TR
3300028593_31,3300028593.a:Ga0255347_1000207,TR
3300028581_43,3300028581.a:Ga0247840_10018926,TR
3300028576_27,3300028576.a:Ga0255340_1000165,TR
3300028571_14,3300028571.a:Ga0247844_1001262,TR
3300028570_30,3300028570.a:Ga0255341_1000183,TR
3300028569_23,3300028569.a:Ga0247843_1007284,TR
3300028568_31,3300028568.a:Ga0255345_1000175,TR
3300028567_30,3300028567.a:Ga0255342_1000190,TR
3300028564_24,3300028564.a:Ga0255344_1000163,TR
3300028561_28,3300028561.a:Ga0255343_1001822,TR
3300028559_32,3300028559.a:Ga0247831_1001919,TR
3300028195_12,3300028195.a:Ga0257125_1001168,TR
3300027977_42,3300027977.a:Ga0247834_1001711,TR
3300027864_25,3300027864.a:Ga0209755_10000177,TR
3300027823_4,3300027823.a:Ga0209490_10044014,TR
3300027819_142,3300027819.a:Ga0209514_10000087,TR
3300027786_16,3300027786.a:Ga0209812_10000216,TR
3300027607_26,3300027607.a:Ga0207422_1001433,TR
3300027566_9,3300027566.a:Ga0209639_1000356,TR
3300027323_1,3300027323.a:Ga0209426_1000443,TR
3300027055_1,3300027055.a:Ga0209516_1000007,TR
3300027019_5,3300027019.a:Ga0207857_1000040,TR
3300026953_1,3300026953.a:Ga0207835_1000006,TR
3300026947_2,3300026947.a:Ga0207853_1000013,TR
3300026932_1,3300026932.a:Ga0207836_1000143,TR
3300026272_8,3300026272.a:Ga0209913_1001942,TR
3300026197_8,3300026197.a:Ga0209925_1013308,TR
3300025949_40,3300025949.a:Ga0207667_10000002,TR
3300025902_3,3300025902.a:Ga0209202_1001236,TR
3300025882_3,3300025882.a:Ga0209097_10000065,TR
3300025877_12,3300025877.a:Ga0208460_10000561,TR
3300025855_3,3300025855.a:Ga0209717_1001212,TR
3300025740_19,3300025740.a:Ga0208940_1000091,TR
3300025737_22,3300025737.a:Ga0208694_1000124,TR
3300025730_20,3300025730.a:Ga0209606_1011544,TR
3300025724_18,3300025724.a:Ga0208196_1000110,TR
3300025720_17,3300025720.a:Ga0208197_1000097,TR
3300025715_3,3300025715.a:Ga0209310_1000313,TR
3300025713_14,3300025713.a:Ga0208195_1001743,TR
3300025689_18,3300025689.a:Ga0209407_1000114,TR
3300025686_15,3300025686.a:Ga0209506_1000111,TR
3300025677_33,3300025677.a:Ga0209719_1001029,TR
3300025677_20,3300025677.a:Ga0209719_1000579,TR
3300025643_13,3300025643.a:Ga0209151_1003883,TR
3300025616_3,3300025616.a:Ga0208613_1000070,TR
3300025613_10,3300025613.a:Ga0208461_1000052,TR
3300025600_8,3300025600.a:Ga0209125_1000221,TR
3300025596_10,3300025596.a:Ga0209662_1003324,TR
3300025575_7,3300025575.a:Ga0209430_1000156,TR
3300025552_2,3300025552.a:Ga0210142_1000084,TR
3300025536_5,3300025536.a:Ga0207952_1000693,TR
3300025436_4,3300025436.a:Ga0208103_1000128,TR
3300025424_5,3300025424.a:Ga0208617_1000035,TR
3300025295_16,3300025295.a:Ga0209564_1000244,TR
3300025263_5,3300025263.a:Ga0209565_1000040,TR
3300025254_13,3300025254.a:Ga0209148_1000021,TR
3300025027_1,3300025027.a:Ga0207885_100004,TR
3300024948_6,3300024948.a:Ga0208755_100460,TR
3300024344_11,3300024344.a:Ga0209992_10000227,TR
3300024327_14,3300024327.a:Ga0233434_1000494,TR
3300024305_1,3300024305.a:Ga0247728_10005,TR
3300024054_28,3300024054.a:Ga0233425_10005249,TR
3300023208_8,3300023208.a:Ga0233424_10001471,TR
3300023111_3,3300023111.a:Ga0233374_1000006,TR
3300022753_64,3300022753.a:Ga0216341_10000708,TR
3300022661_73,3300022661.a:Ga0216339_10000718,TR
3300022661_194,3300022661.a:Ga0216339_10016528,TR
3300022660_67,3300022660.a:Ga0216342_10001114,TR
3300022660_140,3300022660.a:Ga0216342_10078171,TR
3300020702_8,3300020702.a:Ga0214218_1000898,TR
3300020690_5,3300020690.a:Ga0214223_1000011,TR
3300020472_14,3300020472.a:Ga0211579_10001073,TR
3300020429_7,3300020429.a:Ga0211581_10000097,TR
3300020198_44,3300020198.a:Ga0194120_10019440,TR
3300019373_14,3300019373.a:Ga0187895_1000176,TR
3300018878_96,3300018878.a:Ga0187910_10000698,TR
3300018878_138,3300018878.a:Ga0187910_10000099,TR
3300018475_88,3300018475.a:Ga0187907_10000652,TR
3300018475_131,3300018475.a:Ga0187907_10000601,TR
3300018427_117,3300018427.a:Ga0187903_10007119,TR
3300017532_116,3300017532.a:Ga0185302_10003769,TR
3300017532_100,3300017532.a:Ga0185302_10004438,TR
3300017518_40,3300017518.a:Ga0185335_1012205,TR
3300017494_6,3300017494.a:Ga0185337_1000055,TR
3300017480_21,3300017480.a:Ga0185336_1000160,TR
3300017448_12,3300017448.a:Ga0185299_10000290,TR
3300015196_10,3300015196.a:Ga0167627_1004688,TR
3300015024_10,3300015024.a:Ga0167669_1003958,TR
3300014970_1,3300014970.a:Ga0169826_100027,TR
3300014958_8,3300014958.a:Ga0134421_1000002,TR
3300014956_11,3300014956.a:Ga0134434_1000003,TR
3300014955_8,3300014955.a:Ga0134561_1000001,TR
3300014927_3,3300014927.a:Ga0169766_100004,TR
3300014808_9,3300014808.a:Ga0134443_1000006,TR
3300014808_6,3300014808.a:Ga0134443_1000080,TR
3300014807_12,3300014807.a:Ga0134439_1000059,TR
3300014806_11,3300014806.a:Ga0134388_1000006,TR
3300014804_9,3300014804.a:Ga0134371_1000003,TR
3300014804_13,3300014804.a:Ga0134371_1000007,TR
3300014800_11,3300014800.a:Ga0134399_1000025,TR
3300014799_9,3300014799.a:Ga0134377_1000020,TR
3300014799_4,3300014799.a:Ga0134377_1000946,TR
3300014798_14,3300014798.a:Ga0134382_1000003,TR
3300014794_9,3300014794.a:Ga0134448_1000013,TR
3300014793_11,3300014793.a:Ga0134407_1000202,TR
3300014792_4,3300014792.a:Ga0134427_1000081,TR
3300014789_10,3300014789.a:Ga0134406_1000026,TR
3300014787_7,3300014787.a:Ga0134384_1000097,TR
3300014787_6,3300014787.a:Ga0134384_1000012,TR
3300014784_10,3300014784.a:Ga0134413_1000003,TR
3300014761_15,3300014761.a:Ga0134438_102005,TR
3300014757_5,3300014757.a:Ga0134375_100011,TR
3300014737_3,3300014737.a:Ga0169786_100023,TR
3300014563_5,3300014563.a:Ga0134418_1000006,TR
3300014562_7,3300014562.a:Ga0134376_100002,TR
3300014558_2,3300014558.a:Ga0134417_100086,TR
3300014547_2,3300014547.a:Ga0134415_100097,TR
3300014519_2,3300014519.a:Ga0169886_100018,TR
3300014514_2,3300014514.a:Ga0169863_100001,TR
3300014493_13,3300014493.a:Ga0182016_10003620,TR
3300014208_47,3300014208.a:Ga0172379_10000527,TR
3300013851_2,3300013851.a:Ga0121721_100001,TR
3300013384_1,3300013384.a:Ga0118023_100009,TR
3300013362_1,3300013362.a:Ga0121694_100124,TR
3300013345_1,3300013345.a:Ga0118028_100005,TR
3300013278_1,3300013278.a:Ga0118140_100069,TR
3300013277_1,3300013277.a:Ga0118007_100003,TR
3300013276_3,3300013276.a:Ga0118353_100067,TR
3300013272_1,3300013272.a:Ga0118569_100072,TR
3300013271_1,3300013271.a:Ga0118618_100050,TR
3300013268_1,3300013268.a:Ga0118444_100006,TR
3300013267_1,3300013267.a:Ga0118599_100004,TR
3300013266_1,3300013266.a:Ga0118143_100020,TR
3300013262_1,3300013262.a:Ga0118639_100006,TR
3300013258_1,3300013258.a:Ga0118027_100002,TR
3300013242_1,3300013242.a:Ga0118330_100002,TR
3300013241_1,3300013241.a:Ga0118003_100016,TR
3300013237_1,3300013237.a:Ga0118594_100004,TR
3300013228_1,3300013228.a:Ga0118155_100023,TR
3300013227_1,3300013227.a:Ga0118144_100041,TR
3300013225_1,3300013225.a:Ga0118440_100033,TR
3300013224_1,3300013224.a:Ga0118606_100049,TR
3300013223_1,3300013223.a:Ga0118160_100004,TR
3300013214_1,3300013214.a:Ga0118139_100078,TR
3300013213_1,3300013213.a:Ga0118635_100073,TR
3300013205_1,3300013205.a:Ga0118574_100032,TR
3300013187_1,3300013187.a:Ga0118571_100031,TR
3300013185_1,3300013185.a:Ga0118570_100050,TR
3300013175_2,3300013175.a:Ga0118441_100021,TR
3300013174_1,3300013174.a:Ga0118190_100012,TR
3300013171_1,3300013171.a:Ga0118019_100007,TR
3300013168_1,3300013168.a:Ga0118038_100207,TR
3300013166_1,3300013166.a:Ga0118151_100004,TR
3300013163_1,3300013163.a:Ga0118005_100003,TR
3300013162_1,3300013162.a:Ga0118187_100003,TR
3300013160_1,3300013160.a:Ga0118010_100002,TR
3300013138_36,3300013138.a:Ga0172371_10000902,TR
3300013138_35,3300013138.a:Ga0172371_10025767,TR
3300013137_77,3300013137.a:Ga0172375_10013035,TR
3300013137_25,3300013137.a:Ga0172375_10010746,TR
3300013137_162,3300013137.a:Ga0172375_10000137,TR
3300013136_49,3300013136.a:Ga0172370_10036844,TR
3300013136_26,3300013136.a:Ga0172370_10018746,TR
3300013136_172,3300013136.a:Ga0172370_10000496,TR
3300013131_30,3300013131.a:Ga0172373_10007857,TR
3300013126_14,3300013126.a:Ga0172367_10006521,TR
3300013125_23,3300013125.a:Ga0172369_10017850,TR
3300013123_29,3300013123.a:Ga0172368_10005713,TR
3300013123_110,3300013123.a:Ga0172368_10000032,TR
3300013006_30,3300013006.a:Ga0164294_10021429,TR
3300012921_34,3300012921.a:Ga0164290_1000194,TR
3300012858_7,3300012858.a:Ga0160457_1000004,TR
3300012858_5,3300012858.a:Ga0160457_1000037,TR
3300012852_4,3300012852.a:Ga0160430_100516,TR
3300012847_6,3300012847.a:Ga0160445_100042,TR
3300012847_10,3300012847.a:Ga0160445_100002,TR
3300012834_7,3300012834.a:Ga0160452_100005,TR
3300012828_5,3300012828.a:Ga0160431_100004,TR
3300012826_4,3300012826.a:Ga0160492_100238,TR
3300012825_4,3300012825.a:Ga0160441_100010,TR
3300012824_5,3300012824.a:Ga0160469_100085,TR
3300012821_4,3300012821.a:Ga0160476_100169,TR
3300012815_7,3300012815.a:Ga0160440_100007,TR
3300012814_5,3300012814.a:Ga0160453_100689,TR
3300012811_2,3300012811.a:Ga0160497_100007,TR
3300012806_7,3300012806.a:Ga0160442_100010,TR
3300012805_6,3300012805.a:Ga0160464_100246,TR
3300012804_3,3300012804.a:Ga0160484_100049,TR
3300012803_7,3300012803.a:Ga0160465_101664,TR
3300012798_3,3300012798.a:Ga0160454_100357,TR
3300012638_1,3300012638.a:Ga0118153_100002,TR
3300012626_1,3300012626.a:Ga0118209_100002,TR
3300012591_1,3300012591.a:Ga0118576_100003,TR
3300012344_7,3300012344.a:Ga0116650_1000008,TR
3300012321_1,3300012321.a:Ga0118159_100002,TR
3300012193_3,3300012193.a:Ga0121112_100079,TR
3300012007_12,3300012007.a:Ga0120382_1000251,TR
3300011977_10,3300011977.a:Ga0120375_1003580,TR
3300011942_3,3300011942.a:Ga0120918_100059,TR
3300011853_4,3300011853.a:Ga0120824_100013,TR
3300011812_2,3300011812.a:Ga0121647_100024,TR
3300011690_1,3300011690.a:Ga0120983_10465,TR
3300011668_3,3300011668.a:Ga0122184_100018,TR
3300011494_2,3300011494.a:Ga0121594_100056,TR
3300011452_1,3300011452.a:Ga0120960_10009,TR
3300011389_1,3300011389.a:Ga0121153_10007,TR
3300011359_1,3300011359.a:Ga0121207_100001,TR
3300011349_1,3300011349.a:Ga0118158_100003,TR
3300011214_1,3300011214.a:Ga0122780_100040,TR
3300011151_3,3300011151.a:Ga0122799_100290,TR
3300011006_28,3300011006.a:Ga0139320_1001447,TR
3300010280_25,3300010280.a:Ga0129308_1000093,TR
3300010275_6,3300010275.a:Ga0129310_1000002,TR
3300010260_8,3300010260.a:Ga0129315_1000033,TR
3300010260_7,3300010260.a:Ga0129315_1000013,TR
3300009769_23,3300009769.a:Ga0116184_10000074,TR
3300009767_27,3300009767.a:Ga0116161_1000700,TR
3300009704_17,3300009704.a:Ga0116145_1000082,TR
3300009703_19,3300009703.a:Ga0114933_10000163,TR
3300009084_44,3300009084.a:Ga0105046_10033848,TR
3300008750_8,3300008750.a:Ga0114087_100008,TR
3300008712_12,3300008712.a:Ga0113873_100076,TR
3300008676_2,3300008676.a:Ga0111520_100114,TR
3300008640_20,3300008640.a:Ga0111422_102792,TR
3300008622_11,3300008622.a:Ga0111363_101470,TR
3300008621_10,3300008621.a:Ga0115613_1000430,TR
3300008619_9,3300008619.a:Ga0111235_100898,TR
3300008599_9,3300008599.a:Ga0111091_100370,TR
3300008599_27,3300008599.a:Ga0111091_101667,TR
3300008571_10,3300008571.a:Ga0111077_100190,TR
3300008496_4,3300008496.a:Ga0115078_100030,TR
3300008491_6,3300008491.a:Ga0111008_102331,TR
3300008479_4,3300008479.a:Ga0114883_1000050,TR
3300008479_26,3300008479.a:Ga0114883_1002153,TR
3300008478_12,3300008478.a:Ga0114882_101968,TR
3300008360_17,3300008360.a:Ga0114875_1000180,TR
3300008306_2,3300008306.a:Ga0115184_1000024,TR
3300008301_6,3300008301.a:Ga0114871_100043,TR
3300008299_18,3300008299.a:Ga0114868_1002019,TR
3300008282_23,3300008282.a:Ga0114156_1000053,TR
3300008272_6,3300008272.a:Ga0111092_1000030,TR
3300008272_5,3300008272.a:Ga0111092_1000005,TR
3300008129_1,3300008129.a:Ga0114848_100382,TR
3300007991_9,3300007991.a:Ga0105643_100369,TR
3300007853_11,3300007853.a:Ga0114093_100001,TR
3300007805_5,3300007805.a:Ga0105637_100068,TR
3300007796_7,3300007796.a:Ga0105889_100004,TR
3300007705_11,3300007705.a:Ga0105636_101545,TR
3300007669_6,3300007669.a:Ga0105546_106556,TR
3300007657_7,3300007657.a:Ga0105536_100020,TR
3300007641_9,3300007641.a:Ga0105527_100186,TR
3300007641_12,3300007641.a:Ga0105527_100040,TR
3300007524_3,3300007524.a:Ga0105481_1000207,TR
3300007356_2,3300007356.a:Ga0104763_100140,TR
3300007356_17,3300007356.a:Ga0104763_100884,TR
3300007299_17,3300007299.a:Ga0104319_1000012,TR
3300007298_18,3300007298.a:Ga0104838_100062,TR
3300007292_2,3300007292.a:Ga0104320_100086,TR
3300007222_14,3300007222.a:Ga0104061_100008,TR
3300007109_7,3300007109.a:Ga0102633_100018,TR
3300007098_14,3300007098.a:Ga0102540_102080,TR
3300007043_6,3300007043.a:Ga0102536_100026,TR
3300006487_3,3300006487.a:Ga0100256_10006,TR
3300006476_8,3300006476.a:Ga0100233_100025,TR
3300006476_13,3300006476.a:Ga0100233_100240,TR
3300006476_1,3300006476.a:Ga0100233_100001,TR
3300006463_18,3300006463.a:Ga0100176_1001111,TR
3300006312_4,3300006312.a:Ga0099626_100138,TR
3300006296_2,3300006296.a:Ga0099628_100001,TR
3300006226_97,3300006226.a:Ga0099364_10017551,TR
3300006045_58,3300006045.a:Ga0082212_10002304,TR
3300005460_36,3300005460.a:Ga0073908_1000158,TR
3300005326_94,3300005326.a:Ga0074195_1000237,TR
3300005326_13,3300005326.a:Ga0074195_1000523,TR
3300005260_7,3300005260.a:Ga0074072_1000001,TR
3300005238_4,3300005238.a:Ga0073692_1000001,TR
3300003146_8,3300003146.a:Ga0051080_1000105,TR
3300002307_2,3300002307.a:JGI24890J29729_1000080,TR
3300002174_13,3300002174.a:JGI24710J26742_10005640,TR
3300001781_7,3300001781.a:Deep_1000007,TR
3300001598_75,3300001598.a:EMG_10001574,TR
3300000838_2,3300000838.a:JGI996J12353_1000025,TR
3300000558_33,3300000558.a:Draft_11733455,TR
3300000405_2,3300000405.a:LV_Brine_h2_0102DRAFT_1000004,TR
3300000062_37,3300000062.a:IMNBL1DRAFT_c0000002,TR
3300029619_16,3300029619.a:Ga0245131_1001066,TR
3300029050_16,3300029050.a:Ga0169629_100702,TR
3300028028_35,3300028028.a:Ga0265292_1000023,TR
3300027695_2,3300027695.a:Ga0209966_1001046,TR
3300022829_2,3300022829.a:Ga0222706_1000029,TR
3300018021_27,3300018021.a:Ga0187882_1000754,TR
3300018015_28,3300018015.a:Ga0187866_1004326,TR
3300014838_46,3300014838.a:Ga0182030_10000056,TR
3300014785_10,3300014785.a:Ga0134507_1000269,TR
3300013138_217,3300013138.a:Ga0172371_10007593,TR
3300012033_13,3300012033.a:Ga0136589_1000492,TR
3300011938_1,3300011938.a:Ga0120959_100004,TR
3300010262_13,3300010262.a:Ga0129317_1000016,TR
3300008640_29,3300008640.a:Ga0111422_100006,TR
3300029942_3,3300029942.a:Ga0168096_1000889,TR
3300029942_16,3300029942.a:Ga0168096_1001217,TR
3300029934_16,3300029934.a:Ga0169760_104876,TR
3300029912_5,3300029912.a:Ga0247050_1004099,TR
3300029893_28,3300029893.a:Ga0246236_1000949,TR
3300029893_22,3300029893.a:Ga0246236_1000669,TR
3300029888_15,3300029888.a:Ga0245333_100013,TR
3300029887_27,3300029887.a:Ga0245331_1003515,TR
3300029885_26,3300029885.a:Ga0245329_100079,TR
3300029881_11,3300029881.a:Ga0245307_1002935,TR
3300029880_5,3300029880.a:Ga0245255_100173,TR
3300029880_18,3300029880.a:Ga0245255_100057,TR
3300029880_11,3300029880.a:Ga0245255_100276,TR
3300029877_8,3300029877.a:Ga0245326_100352,TR
3300029876_9,3300029876.a:Ga0245325_100190,TR
3300029876_37,3300029876.a:Ga0245325_104962,TR
3300029873_10,3300029873.a:Ga0245321_100082,TR
3300029871_5,3300029871.a:Ga0245314_100173,TR
3300029870_5,3300029870.a:Ga0245312_100038,TR
3300029870_15,3300029870.a:Ga0245312_100219,TR
3300029861_9,3300029861.a:Ga0245310_100195,TR
3300029861_7,3300029861.a:Ga0245310_100253,TR
3300029859_12,3300029859.a:Ga0245304_100005,TR
3300029858_5,3300029858.a:Ga0245300_100245,TR
3300029855_9,3300029855.a:Ga0245295_1000132,TR
3300029853_10,3300029853.a:Ga0245292_100194,TR
3300029852_5,3300029852.a:Ga0245291_100011,TR
3300029852_16,3300029852.a:Ga0245291_100192,TR
3300029851_9,3300029851.a:Ga0245290_100259,TR
3300029848_23,3300029848.a:Ga0245285_1000261,TR
3300029845_18,3300029845.a:Ga0245277_1001823,TR
3300029845_10,3300029845.a:Ga0245277_1000341,TR
3300029844_11,3300029844.a:Ga0245276_1000324,TR
3300029842_11,3300029842.a:Ga0245273_100082,TR
3300029841_8,3300029841.a:Ga0245272_100455,TR
3300029839_5,3300029839.a:Ga0245267_100223,TR
3300029830_30,3300029830.a:Ga0245137_100020,TR
3300029828_20,3300029828.a:Ga0244885_100190,TR
3300029825_20,3300029825.a:Ga0134835_1001832,TR
3300029824_1,3300029824.a:Ga0134852_100258,TR
3300029822_26,3300029822.a:Ga0134854_1002076,TR
3300029822_18,3300029822.a:Ga0134854_1006751,TR
3300029821_35,3300029821.a:Ga0246092_1001374,TR
3300029820_15,3300029820.a:Ga0245026_100226,TR
3300029798_21,3300029798.a:Ga0239581_1003560,TR
3300029795_10,3300029795.a:Ga0243742_1000168,TR
3300029793_18,3300029793.a:Ga0243738_1000169,TR
3300029791_30,3300029791.a:Ga0243849_1000084,TR
3300029791_18,3300029791.a:Ga0243849_1000151,TR
3300029790_22,3300029790.a:Ga0242825_1002136,TR
3300029789_13,3300029789.a:Ga0243734_1000081,TR
3300029788_27,3300029788.a:Ga0243743_1000713,TR
3300029788_19,3300029788.a:Ga0243743_1000288,TR
3300029784_9,3300029784.a:Ga0243806_1000191,TR
3300029784_17,3300029784.a:Ga0243806_1000064,TR
3300029782_21,3300029782.a:Ga0245253_100425,TR
3300029781_11,3300029781.a:Ga0167330_1000381,TR
3300029779_8,3300029779.a:Ga0243834_1000259,TR
3300029778_13,3300029778.a:Ga0243887_1000460,TR
3300029777_21,3300029777.a:Ga0243715_1002225,TR
3300029775_17,3300029775.a:Ga0134843_1000264,TR
3300029775_15,3300029775.a:Ga0134843_1000032,TR
3300029773_23,3300029773.a:Ga0243856_1000983,TR
3300029773_15,3300029773.a:Ga0243856_1000021,TR
3300029771_15,3300029771.a:Ga0243801_100025,TR
3300029769_9,3300029769.a:Ga0243863_100017,TR
3300029769_16,3300029769.a:Ga0243863_100416,TR
3300029768_13,3300029768.a:Ga0245196_100048,TR
3300029766_11,3300029766.a:Ga0242809_100962,TR
3300029764_6,3300029764.a:Ga0243769_100138,TR
3300029764_17,3300029764.a:Ga0243769_100686,TR
3300029761_16,3300029761.a:Ga0243857_100012,TR
3300029761_13,3300029761.a:Ga0243857_100323,TR
3300029759_21,3300029759.a:Ga0243843_101933,TR
3300029758_16,3300029758.a:Ga0242784_100195,TR
3300029756_24,3300029756.a:Ga0242840_100128,TR
3300029752_20,3300029752.a:Ga0243766_100298,TR
3300029749_13,3300029749.a:Ga0245202_1000163,TR
3300029749_10,3300029749.a:Ga0245202_1000033,TR
3300029748_10,3300029748.a:Ga0245205_1000586,TR
3300029747_17,3300029747.a:Ga0245228_100030,TR
3300029746_17,3300029746.a:Ga0245173_100098,TR
3300029745_15,3300029745.a:Ga0245251_101693,TR
3300029744_9,3300029744.a:Ga0245161_100024,TR
3300029744_18,3300029744.a:Ga0245161_100116,TR
3300029742_7,3300029742.a:Ga0245239_100202,TR
3300029741_19,3300029741.a:Ga0245200_100619,TR
3300029734_18,3300029734.a:Ga0245168_102119,TR
3300029733_27,3300029733.a:Ga0245176_100002,TR
3300029732_6,3300029732.a:Ga0245266_100026,TR
3300029731_7,3300029731.a:Ga0245178_102165,TR
3300029731_15,3300029731.a:Ga0245178_100676,TR
3300029728_19,3300029728.a:Ga0245197_100030,TR
3300029727_13,3300029727.a:Ga0245198_101175,TR
3300029725_16,3300029725.a:Ga0245208_100312,TR
3300029725_14,3300029725.a:Ga0245208_100129,TR
3300029724_16,3300029724.a:Ga0245182_100255,TR
3300029723_9,3300029723.a:Ga0245231_100013,TR
3300029722_6,3300029722.a:Ga0245188_100051,TR
3300029720_31,3300029720.a:Ga0245229_1001915,TR
3300029720_10,3300029720.a:Ga0245229_1000172,TR
3300029719_32,3300029719.a:Ga0245179_1006340,TR
3300029718_40,3300029718.a:Ga0245237_1000163,TR
3300029717_11,3300029717.a:Ga0245160_1000189,TR
3300029716_34,3300029716.a:Ga0245260_1000027,TR
3300029716_15,3300029716.a:Ga0245260_1000424,TR
3300029715_21,3300029715.a:Ga0245215_1000542,TR
3300029715_20,3300029715.a:Ga0245215_1000155,TR
3300029714_6,3300029714.a:Ga0245242_1000083,TR
3300029714_30,3300029714.a:Ga0245242_1001690,TR
3300029712_16,3300029712.a:Ga0245206_100387,TR
3300029711_17,3300029711.a:Ga0245193_100522,TR
3300029710_8,3300029710.a:Ga0245233_101130,TR
3300029709_13,3300029709.a:Ga0245177_100009,TR
3300029706_7,3300029706.a:Ga0245271_100231,TR
3300029703_5,3300029703.a:Ga0245234_100532,TR
3300029702_30,3300029702.a:Ga0245265_100003,TR
3300029702_24,3300029702.a:Ga0245265_100327,TR
3300029698_25,3300029698.a:Ga0245184_100421,TR
3300029698_10,3300029698.a:Ga0245184_100106,TR
3300029690_12,3300029690.a:Ga0245210_100133,TR
3300029688_12,3300029688.a:Ga0245223_100108,TR
3300029686_20,3300029686.a:Ga0245204_100944,TR
3300029684_23,3300029684.a:Ga0245194_100030,TR
3300029676_15,3300029676.a:Ga0243825_100084,TR
3300029669_6,3300029669.a:Ga0242751_100045,TR
3300029665_10,3300029665.a:Ga0243765_100381,TR
3300029661_5,3300029661.a:Ga0245258_100057,TR
3300029661_16,3300029661.a:Ga0245258_100534,TR
3300029656_7,3300029656.a:Ga0245165_100339,TR
3300029647_10,3300029647.a:Ga0245203_100089,TR
3300029643_9,3300029643.a:Ga0245225_100035,TR
3300029633_8,3300029633.a:Ga0242758_100030,TR
3300029633_5,3300029633.a:Ga0242758_100397,TR
3300029623_34,3300029623.a:Ga0245138_1000420,TR
3300029623_12,3300029623.a:Ga0245138_1002465,TR
3300029621_30,3300029621.a:Ga0245126_1000585,TR
3300029621_29,3300029621.a:Ga0245126_1000038,TR
3300029621_23,3300029621.a:Ga0245126_1000074,TR
3300029621_18,3300029621.a:Ga0245126_1000005,TR
3300029620_26,3300029620.a:Ga0245130_100012,TR
3300029620_18,3300029620.a:Ga0245130_100212,TR
3300029618_30,3300029618.a:Ga0245134_100046,TR
3300029617_12,3300029617.a:Ga0245125_100172,TR
3300029613_18,3300029613.a:Ga0245150_100005,TR
3300029611_12,3300029611.a:Ga0245149_100013,TR
3300029610_32,3300029610.a:Ga0245132_100390,TR
3300029609_19,3300029609.a:Ga0245148_100007,TR
3300029608_14,3300029608.a:Ga0245152_100071,TR
3300029608_13,3300029608.a:Ga0245152_101487,TR
3300029607_9,3300029607.a:Ga0244907_101699,TR
3300029607_26,3300029607.a:Ga0244907_101696,TR
3300029604_26,3300029604.a:Ga0245147_100042,TR
3300029592_4,3300029592.a:Ga0245129_100314,TR
3300029589_16,3300029589.a:Ga0245106_101567,TR
3300029589_14,3300029589.a:Ga0245106_103285,TR
3300029588_15,3300029588.a:Ga0245111_1000001,TR
3300029586_6,3300029586.a:Ga0243865_1001232,TR
3300029586_19,3300029586.a:Ga0243865_1004503,TR
3300029586_16,3300029586.a:Ga0243865_1000301,TR
3300029586_13,3300029586.a:Ga0243865_1000015,TR
3300029584_22,3300029584.a:Ga0245112_100034,TR
3300029583_19,3300029583.a:Ga0245123_100876,TR
3300029583_18,3300029583.a:Ga0245123_100409,TR
3300029580_8,3300029580.a:Ga0245096_100482,TR
3300029579_13,3300029579.a:Ga0244893_100013,TR
3300029577_27,3300029577.a:Ga0244883_100011,TR
3300029574_22,3300029574.a:Ga0243862_100103,TR
3300029574_17,3300029574.a:Ga0243862_100288,TR
3300029573_6,3300029573.a:Ga0245101_102342,TR
3300029571_14,3300029571.a:Ga0244922_100111,TR
3300029570_23,3300029570.a:Ga0244916_100528,TR
3300029567_19,3300029567.a:Ga0244886_100153,TR
3300029566_19,3300029566.a:Ga0244934_100167,TR
3300029566_14,3300029566.a:Ga0244934_100119,TR
3300029563_15,3300029563.a:Ga0245114_100330,TR
3300029562_8,3300029562.a:Ga0245122_100042,TR
3300029562_22,3300029562.a:Ga0245122_104754,TR
3300029556_14,3300029556.a:Ga0244975_100012,TR
3300029554_7,3300029554.a:Ga0245041_100088,TR
3300029554_11,3300029554.a:Ga0245041_100006,TR
3300029553_14,3300029553.a:Ga0245115_103146,TR
3300029552_3,3300029552.a:Ga0245113_100013,TR
3300029549_11,3300029549.a:Ga0244894_100004,TR
3300029548_15,3300029548.a:Ga0245003_100010,TR
3300029543_19,3300029543.a:Ga0244989_103504,TR
3300029541_15,3300029541.a:Ga0244914_102918,TR
3300029537_15,3300029537.a:Ga0244901_100033,TR
3300029535_4,3300029535.a:Ga0244855_100098,TR
3300029529_5,3300029529.a:Ga0244862_100142,TR
3300029527_10,3300029527.a:Ga0244938_100257,TR
3300029526_5,3300029526.a:Ga0244951_100057,TR
3300029524_20,3300029524.a:Ga0244794_100089,TR
3300029522_14,3300029522.a:Ga0244835_1000029,TR
3300029515_14,3300029515.a:Ga0244841_100009,TR
3300029513_4,3300029513.a:Ga0244810_100044,TR
3300029512_16,3300029512.a:Ga0244798_100011,TR
3300029495_18,3300029495.a:Ga0244015_1000109,TR
3300029492_18,3300029492.a:Ga0244090_100145,TR
3300029491_8,3300029491.a:Ga0244091_100116,TR
3300029490_25,3300029490.a:Ga0244171_100149,TR
3300029490_23,3300029490.a:Ga0244171_101865,TR
3300029484_17,3300029484.a:Ga0244116_100615,TR
3300029484_13,3300029484.a:Ga0244116_100238,TR
3300029483_18,3300029483.a:Ga0244102_100583,TR
3300029480_13,3300029480.a:Ga0244079_100317,TR
3300029470_11,3300029470.a:Ga0244172_100214,TR
3300029464_9,3300029464.a:Ga0244165_100035,TR
3300029464_11,3300029464.a:Ga0244165_100726,TR
3300029461_5,3300029461.a:Ga0244130_100235,TR
3300029458_7,3300029458.a:Ga0244161_100216,TR
3300029457_10,3300029457.a:Ga0244117_100222,TR
3300029455_5,3300029455.a:Ga0244160_100013,TR
3300029455_10,3300029455.a:Ga0244160_101620,TR
3300029453_7,3300029453.a:Ga0244150_100295,TR
3300029447_24,3300029447.a:Ga0243899_1000050,TR
3300029447_19,3300029447.a:Ga0243899_1000171,TR
3300029446_40,3300029446.a:Ga0167332_1000780,TR
3300029445_16,3300029445.a:Ga0243741_1000191,TR
3300029444_8,3300029444.a:Ga0243728_1000320,TR
3300029444_14,3300029444.a:Ga0243728_1000022,TR
3300029443_18,3300029443.a:Ga0243848_1000163,TR
3300029442_16,3300029442.a:Ga0239579_1000274,TR
3300029441_35,3300029441.a:Ga0243753_1000174,TR
3300029440_2,3300029440.a:Ga0167329_1001245,TR
3300029439_8,3300029439.a:Ga0243904_1000256,TR
3300029439_12,3300029439.a:Ga0243904_1000102,TR
3300029438_12,3300029438.a:Ga0243733_1000046,TR
3300029437_30,3300029437.a:Ga0242826_1000281,TR
3300029435_25,3300029435.a:Ga0243745_1001789,TR
3300029435_20,3300029435.a:Ga0243745_1000103,TR
3300029432_14,3300029432.a:Ga0243805_104118,TR
3300029431_18,3300029431.a:Ga0243758_1001104,TR
3300029427_12,3300029427.a:Ga0243889_1000385,TR
3300029424_9,3300029424.a:Ga0243789_1000165,TR
3300029418_9,3300029418.a:Ga0243993_100155,TR
3300029416_12,3300029416.a:Ga0243860_100017,TR
3300029413_22,3300029413.a:Ga0243792_1000058,TR
3300029411_20,3300029411.a:Ga0243861_100301,TR
3300029411_16,3300029411.a:Ga0243861_100029,TR
3300029411_14,3300029411.a:Ga0243861_100315,TR
3300029409_12,3300029409.a:Ga0243858_100317,TR
3300029409_11,3300029409.a:Ga0243858_100016,TR
3300029408_6,3300029408.a:Ga0242748_1000031,TR
3300029404_5,3300029404.a:Ga0243824_100605,TR
3300029404_13,3300029404.a:Ga0243824_100152,TR
3300029402_8,3300029402.a:Ga0243962_104095,TR
3300029399_7,3300029399.a:Ga0242750_100050,TR
3300029396_9,3300029396.a:Ga0242782_100105,TR
3300029395_10,3300029395.a:Ga0243972_100164,TR
3300029392_7,3300029392.a:Ga0243989_1000238,TR
3300029392_24,3300029392.a:Ga0243989_1000806,TR
3300029392_22,3300029392.a:Ga0243989_1000082,TR
3300029391_10,3300029391.a:Ga0243992_100283,TR
3300029390_8,3300029390.a:Ga0243991_1000212,TR
3300029387_8,3300029387.a:Ga0243994_100209,TR
3300029382_12,3300029382.a:Ga0243901_1000049,TR
3300029381_13,3300029381.a:Ga0243902_1000421,TR
3300029379_31,3300029379.a:Ga0243906_1000590,TR
3300029379_19,3300029379.a:Ga0243906_1000160,TR
3300029379_15,3300029379.a:Ga0243906_1000141,TR
3300029379_10,3300029379.a:Ga0243906_1000256,TR
3300029377_12,3300029377.a:Ga0243903_1000260,TR
3300029374_24,3300029374.a:Ga0243945_1007005,TR
3300029374_15,3300029374.a:Ga0243945_1001148,TR
3300029374_11,3300029374.a:Ga0243945_1000022,TR
3300029372_6,3300029372.a:Ga0243963_100022,TR
3300029372_14,3300029372.a:Ga0243963_100125,TR
3300029371_13,3300029371.a:Ga0243958_100494,TR
3300029370_5,3300029370.a:Ga0243957_100031,TR
3300029370_4,3300029370.a:Ga0243957_100047,TR
3300029368_9,3300029368.a:Ga0243967_100112,TR
3300029365_37,3300029365.a:Ga0243866_1000216,TR
3300029365_32,3300029365.a:Ga0243866_1002617,TR
3300029364_11,3300029364.a:Ga0243886_1000359,TR
3300029363_9,3300029363.a:Ga0243878_100345,TR
3300029363_8,3300029363.a:Ga0243878_100117,TR
3300029361_32,3300029361.a:Ga0243815_1006182,TR
3300029360_8,3300029360.a:Ga0243814_1004644,TR
3300029360_33,3300029360.a:Ga0243814_1010148,TR
3300029360_15,3300029360.a:Ga0243814_1006127,TR
3300029359_7,3300029359.a:Ga0243835_1000303,TR
3300029359_17,3300029359.a:Ga0243835_1000260,TR
3300029356_19,3300029356.a:Ga0243797_103480,TR
3300029355_6,3300029355.a:Ga0243784_100012,TR
3300029355_15,3300029355.a:Ga0243784_100068,TR
3300029354_4,3300029354.a:Ga0243832_100685,TR
3300029352_10,3300029352.a:Ga0242801_100075,TR
3300029350_7,3300029350.a:Ga0243859_100103,TR
3300029350_22,3300029350.a:Ga0243859_101463,TR
3300029350_14,3300029350.a:Ga0243859_100328,TR
3300029346_6,3300029346.a:Ga0243823_100493,TR
3300029346_15,3300029346.a:Ga0243823_100118,TR
3300029343_26,3300029343.a:Ga0243725_1000146,TR
3300029342_15,3300029342.a:Ga0243726_1000292,TR
3300029339_9,3300029339.a:Ga0242823_1000065,TR
3300029335_21,3300029335.a:Ga0243762_101278,TR
3300029333_27,3300029333.a:Ga0243760_101218,TR
3300029328_6,3300029328.a:Ga0242837_100062,TR
3300029325_18,3300029325.a:Ga0242844_100284,TR
3300029322_6,3300029322.a:Ga0243376_100018,TR
3300029322_5,3300029322.a:Ga0243376_100214,TR
3300029316_6,3300029316.a:Ga0242768_100171,TR
3300029315_9,3300029315.a:Ga0242753_100145,TR
3300029313_11,3300029313.a:Ga0242781_100091,TR
3300029312_6,3300029312.a:Ga0242764_100064,TR
3300029312_2,3300029312.a:Ga0242764_100053,TR
3300029311_3,3300029311.a:Ga0167331_1000340,TR
3300029311_19,3300029311.a:Ga0167331_1002790,TR
3300029310_6,3300029310.a:Ga0134545_1000020,TR
3300029307_5,3300029307.a:Ga0167511_100009,TR
3300029307_10,3300029307.a:Ga0167511_100095,TR
3300029297_21,3300029297.a:Ga0134541_1001789,TR
3300029295_5,3300029295.a:Ga0134373_100484,TR
3300029295_10,3300029295.a:Ga0134373_100013,TR
3300029257_9,3300029257.a:Ga0168675_101038,TR
3300029255_16,3300029255.a:Ga0168097_1000449,TR
3300029252_9,3300029252.a:Ga0167179_1000971,TR
3300029250_26,3300029250.a:Ga0167474_1000118,TR
3300029247_15,3300029247.a:Ga0168719_1000069,TR
3300029246_8,3300029246.a:Ga0168681_100116,TR
3300029240_20,3300029240.a:Ga0168677_101145,TR
3300029237_13,3300029237.a:Ga0167477_100059,TR
3300029232_11,3300029232.a:Ga0168710_100136,TR
3300029230_15,3300029230.a:Ga0168685_100061,TR
3300029220_12,3300029220.a:Ga0168707_100044,TR
3300029219_8,3300029219.a:Ga0168709_100931,TR
3300029217_6,3300029217.a:Ga0168678_101100,TR
3300029215_9,3300029215.a:Ga0167476_100369,TR
3300029215_7,3300029215.a:Ga0167476_100247,TR
3300029215_6,3300029215.a:Ga0167476_100196,TR
3300029214_25,3300029214.a:Ga0168682_101809,TR
3300029213_13,3300029213.a:Ga0168697_100231,TR
3300029211_22,3300029211.a:Ga0168693_100019,TR
3300029204_14,3300029204.a:Ga0168686_101493,TR
3300029189_11,3300029189.a:Ga0168060_101475,TR
3300029189_1,3300029189.a:Ga0168060_103822,TR
3300029184_6,3300029184.a:Ga0169197_100333,TR
3300029181_4,3300029181.a:Ga0167506_100127,TR
3300029178_5,3300029178.a:Ga0167504_100068,TR
3300029178_3,3300029178.a:Ga0167504_100551,TR
3300029136_23,3300029136.a:Ga0168747_100195,TR
3300029136_20,3300029136.a:Ga0168747_100244,TR
3300029132_4,3300029132.a:Ga0168796_105424,TR
3300029124_5,3300029124.a:Ga0169224_1000096,TR
3300029122_7,3300029122.a:Ga0168799_1002422,TR
3300029122_16,3300029122.a:Ga0168799_1000173,TR
3300029119_5,3300029119.a:Ga0168816_100736,TR
3300029119_11,3300029119.a:Ga0168816_101600,TR
3300029119_10,3300029119.a:Ga0168816_100341,TR
3300029118_23,3300029118.a:Ga0168844_103251,TR
3300029116_18,3300029116.a:Ga0168822_100437,TR
3300029112_6,3300029112.a:Ga0168820_100301,TR
3300029112_13,3300029112.a:Ga0168820_100090,TR
3300029103_5,3300029103.a:Ga0169220_100226,TR
3300029103_12,3300029103.a:Ga0169220_100268,TR
3300029102_4,3300029102.a:Ga0169175_101867,TR
3300029101_25,3300029101.a:Ga0169212_105461,TR
3300029098_17,3300029098.a:Ga0169171_100949,TR
3300029096_5,3300029096.a:Ga0169213_100022,TR
3300029095_16,3300029095.a:Ga0169229_101588,TR
3300029094_4,3300029094.a:Ga0169183_102570,TR
3300029092_6,3300029092.a:Ga0169182_100434,TR
3300029090_8,3300029090.a:Ga0169218_100241,TR
3300029087_2,3300029087.a:Ga0169172_100019,TR
3300029074_4,3300029074.a:Ga0169214_10030,TR
3300029073_2,3300029073.a:Ga0169579_10012,TR
3300029055_3,3300029055.a:Ga0169617_100958,TR
3300029040_5,3300029040.a:Ga0169694_100020,TR
3300029037_4,3300029037.a:Ga0169705_100046,TR
3300029028_3,3300029028.a:Ga0169666_100727,TR
3300029028_10,3300029028.a:Ga0169666_101477,TR
3300029025_7,3300029025.a:Ga0169590_100043,TR
3300029024_5,3300029024.a:Ga0169709_101335,TR
3300029023_3,3300029023.a:Ga0169679_100112,TR
3300029022_4,3300029022.a:Ga0169604_100070,TR
3300029021_6,3300029021.a:Ga0169710_100059,TR
3300029012_4,3300029012.a:Ga0169674_100117,TR
3300028984_2,3300028984.a:Ga0169601_100058,TR
3300028982_2,3300028982.a:Ga0169668_100041,TR
3300028970_10,3300028970.a:Ga0169755_102215,TR
3300028969_5,3300028969.a:Ga0169711_100316,TR
3300028961_6,3300028961.a:Ga0169745_100893,TR
3300028923_19,3300028923.a:Ga0310375_1000037,TR
3300028911_4,3300028911.a:Ga0168754_100146,TR
3300028644_7,3300028644.a:Ga0302238_1007814,TR
3300028640_17,3300028640.a:Ga0302237_1000065,TR
3300028631_31,3300028631.a:Ga0302241_1006592,TR
3300028631_25,3300028631.a:Ga0302241_1000417,TR
3300028625_42,3300028625.a:Ga0302251_1000548,TR
3300028625_29,3300028625.a:Ga0302251_1002645,TR
3300028603_70,3300028603.a:Ga0265293_10005011,TR
3300028603_34,3300028603.a:Ga0265293_10000981,TR
3300028602_29,3300028602.a:Ga0265294_10000644,TR
3300028602_115,3300028602.a:Ga0265294_10001461,TR
3300028601_82,3300028601.a:Ga0265295_1040816,TR
3300028601_67,3300028601.a:Ga0265295_1010376,TR
3300028601_47,3300028601.a:Ga0265295_1018337,TR
3300028601_44,3300028601.a:Ga0265295_1000575,TR
3300028601_41,3300028601.a:Ga0265295_1002070,TR
3300028582_13,3300028582.a:Ga0268360_1000174,TR
3300028581_77,3300028581.a:Ga0247840_10022372,TR
3300028581_74,3300028581.a:Ga0247840_10000085,TR
3300028581_20,3300028581.a:Ga0247840_10004841,TR
3300028580_12,3300028580.a:Ga0268357_100126,TR
3300028576_47,3300028576.a:Ga0255340_1010366,TR
3300028576_30,3300028576.a:Ga0255340_1004377,TR
3300028571_30,3300028571.a:Ga0247844_1000214,TR
3300028571_27,3300028571.a:Ga0247844_1002358,TR
3300028571_20,3300028571.a:Ga0247844_1004654,TR
3300028570_32,3300028570.a:Ga0255341_1007941,TR
3300028569_43,3300028569.a:Ga0247843_1024565,TR
3300028569_33,3300028569.a:Ga0247843_1037249,TR
3300028569_29,3300028569.a:Ga0247843_1000663,TR
3300028569_25,3300028569.a:Ga0247843_1000302,TR
3300028568_33,3300028568.a:Ga0255345_1008087,TR
3300028567_31,3300028567.a:Ga0255342_1003526,TR
3300028564_42,3300028564.a:Ga0255344_1000227,TR
3300028564_28,3300028564.a:Ga0255344_1005272,TR
3300028559_37,3300028559.a:Ga0247831_1000678,TR
3300028557_24,3300028557.a:Ga0247832_1000590,TR
3300028553_14,3300028553.a:Ga0247839_1004294,TR
3300028481_6,3300028481.a:Ga0233366_1005958,TR
3300028398_22,3300028398.a:Ga0256833_1013474,TR
3300028327_19,3300028327.a:Ga0268262_10000802,TR
3300028299_14,3300028299.a:Ga0268276_1003566,TR
3300028283_21,3300028283.a:Ga0268283_1000432,TR
3300028283_13,3300028283.a:Ga0268283_1007277,TR
3300028274_9,3300028274.a:Ga0257119_1001298,TR
3300028193_38,3300028193.a:Ga0265594_1002113,TR
3300028191_33,3300028191.a:Ga0265595_1000072,TR
3300028177_12,3300028177.a:Ga0257122_1006379,TR
3300028174_12,3300028174.a:Ga0257123_1000295,TR
3300028168_21,3300028168.a:Ga0268277_1000023,TR
3300028162_6,3300028162.a:Ga0268278_1001339,TR
3300028087_4,3300028087.a:Ga0255354_1001509,TR
3300028084_7,3300028084.a:Ga0255356_1000129,TR
3300028068_5,3300028068.a:Ga0255355_1000939,TR
3300028048_26,3300028048.a:Ga0256405_10002451,TR
3300028044_16,3300028044.a:Ga0247838_1002889,TR
3300028034_3,3300028034.a:Ga0247721_100044,TR
3300028033_5,3300028033.a:Ga0247720_100058,TR
3300028032_55,3300028032.a:Ga0265296_1000007,TR
3300028032_42,3300028032.a:Ga0265296_1000128,TR
3300028032_39,3300028032.a:Ga0265296_1000390,TR
3300028032_16,3300028032.a:Ga0265296_1007133,TR
3300028028_38,3300028028.a:Ga0265292_1009306,TR
3300028028_23,3300028028.a:Ga0265292_1000146,TR
3300027986_32,3300027986.a:Ga0209168_10000077,TR
3300027983_17,3300027983.a:Ga0209284_10000545,TR
3300027983_11,3300027983.a:Ga0209284_10004656,TR
3300027977_21,3300027977.a:Ga0247834_1000179,TR
3300027976_36,3300027976.a:Ga0209702_10016355,TR
3300027976_22,3300027976.a:Ga0209702_10000367,TR
3300027976_16,3300027976.a:Ga0209702_10000127,TR
3300027970_32,3300027970.a:Ga0247837_1001495,TR
3300027970_27,3300027970.a:Ga0247837_1037806,TR
3300027904_12,3300027904.a:Ga0209737_10000250,TR
3300027896_118,3300027896.a:Ga0209777_10001252,TR
3300027885_36,3300027885.a:Ga0209450_10004382,TR
3300027878_38,3300027878.a:Ga0209181_10055143,TR
3300027864_55,3300027864.a:Ga0209755_10003145,TR
3300027864_34,3300027864.a:Ga0209755_10056226,TR
3300027864_118,3300027864.a:Ga0209755_10008400,TR
3300027864_112,3300027864.a:Ga0209755_10002708,TR
3300027863_345,3300027863.a:Ga0207433_10022061,TR
3300027852_22,3300027852.a:Ga0209345_10027095,TR
3300027851_39,3300027851.a:Ga0209066_10004998,TR
3300027848_49,3300027848.a:Ga0209390_10051988,TR
3300027848_41,3300027848.a:Ga0209390_10009709,TR
3300027835_84,3300027835.a:Ga0209515_10000094,TR
3300027835_288,3300027835.a:Ga0209515_10018086,TR
3300027835_194,3300027835.a:Ga0209515_10002514,TR
3300027835_190,3300027835.a:Ga0209515_10000408,TR
3300027835_151,3300027835.a:Ga0209515_10000605,TR
3300027835_142,3300027835.a:Ga0209515_10001054,TR
3300027835_134,3300027835.a:Ga0209515_10014675,TR
3300027835_104,3300027835.a:Ga0209515_10002544,TR
3300027832_58,3300027832.a:Ga0209491_10002932,TR
3300027832_33,3300027832.a:Ga0209491_10001976,TR
3300027832_23,3300027832.a:Ga0209491_10000970,TR
3300027832_19,3300027832.a:Ga0209491_10009196,TR
3300027826_37,3300027826.a:Ga0209060_10019297,TR
3300027819_28,3300027819.a:Ga0209514_10000072,TR
3300027819_241,3300027819.a:Ga0209514_10000001,TR
3300027819_174,3300027819.a:Ga0209514_10000669,TR
3300027819_145,3300027819.a:Ga0209514_10000130,TR
3300027819_134,3300027819.a:Ga0209514_10000178,TR
3300027815_89,3300027815.a:Ga0209726_10000454,TR
3300027784_34,3300027784.a:Ga0207421_10005079,TR
3300027730_35,3300027730.a:Ga0247833_1001935,TR
3300027730_21,3300027730.a:Ga0247833_1004142,TR
3300027728_30,3300027728.a:Ga0247836_1006391,TR
3300027728_17,3300027728.a:Ga0247836_1004165,TR
3300027711_32,3300027711.a:Ga0209075_1000453,TR
3300027653_42,3300027653.a:Ga0209487_1000456,TR
3300027649_17,3300027649.a:Ga0208960_1000033,TR
3300027592_17,3300027592.a:Ga0209270_1000018,TR
3300027515_17,3300027515.a:Ga0209162_1009150,TR
3300027515_10,3300027515.a:Ga0209162_1000009,TR
3300027510_48,3300027510.a:Ga0209537_1002705,TR
3300027510_34,3300027510.a:Ga0209537_1019050,TR
3300027510_16,3300027510.a:Ga0209537_1014928,TR
3300027503_20,3300027503.a:Ga0255182_1000033,TR
3300027499_4,3300027499.a:Ga0208788_1009691,TR
3300027499_1,3300027499.a:Ga0208788_1000004,TR
3300027498_13,3300027498.a:Ga0209185_1000150,TR
3300027494_4,3300027494.a:Ga0255094_1004398,TR
3300027492_3,3300027492.a:Ga0255093_1004597,TR
3300027492_2,3300027492.a:Ga0255093_1003125,TR
3300027419_55,3300027419.a:Ga0209340_1000589,TR
3300027365_7,3300027365.a:Ga0209300_1000192,TR
3300027365_11,3300027365.a:Ga0209300_1000894,TR
3300027284_33,3300027284.a:Ga0209024_1000994,TR
3300027276_37,3300027276.a:Ga0208297_1000088,TR
3300026971_3,3300026971.a:Ga0207716_100063,TR
3300026964_2,3300026964.a:Ga0207732_100012,TR
3300026874_3,3300026874.a:Ga0207849_101466,TR
3300026622_3,3300026622.a:Ga0209015_10226,TR
3300026549_33,3300026549.a:Ga0256404_1000006,TR
3300026534_10,3300026534.a:Ga0256841_1001522,TR
3300026522_48,3300026522.a:Ga0256406_1000843,TR
3300026522_34,3300026522.a:Ga0256406_1000879,TR
3300026522_27,3300026522.a:Ga0256406_1004942,TR
3300026518_12,3300026518.a:Ga0256829_1000033,TR
3300026516_12,3300026516.a:Ga0209573_1002527,TR
3300026311_72,3300026311.a:Ga0209723_1016957,TR
3300026311_55,3300026311.a:Ga0209723_1016842,TR
3300026311_28,3300026311.a:Ga0209723_1001052,TR
3300026311_108,3300026311.a:Ga0209723_1001828,TR
3300026282_10,3300026282.a:Ga0209053_1002378,TR
3300026278_4,3300026278.a:Ga0209018_1000302,TR
3300026261_68,3300026261.a:Ga0208524_1000001,TR
3300026260_82,3300026260.a:Ga0208408_1000001,TR
3300026257_65,3300026257.a:Ga0208407_1000001,TR
3300026209_74,3300026209.a:Ga0207989_1000001,TR
3300026198_24,3300026198.a:Ga0209313_1008731,TR
3300026096_6,3300026096.a:Ga0208184_100607,TR
3300026026_1,3300026026.a:Ga0210129_1000615,TR
3300025909_24,3300025909.a:Ga0207705_10035522,TR
3300025902_29,3300025902.a:Ga0209202_1000037,TR
3300025887_43,3300025887.a:Ga0208544_10000070,TR
3300025882_10,3300025882.a:Ga0209097_10000010,TR
3300025881_45,3300025881.a:Ga0209309_10001173,TR
3300025877_58,3300025877.a:Ga0208460_10005507,TR
3300025874_54,3300025874.a:Ga0209533_1023286,TR
3300025871_88,3300025871.a:Ga0209311_1000073,TR
3300025867_15,3300025867.a:Ga0209098_1001198,TR
3300025866_73,3300025866.a:Ga0208822_1005210,TR
3300025858_68,3300025858.a:Ga0209099_1000003,TR
3300025856_22,3300025856.a:Ga0209604_1010708,TR
3300025855_96,3300025855.a:Ga0209717_1000177,TR
3300025855_9,3300025855.a:Ga0209717_1000006,TR
3300025855_67,3300025855.a:Ga0209717_1000019,TR
3300025855_25,3300025855.a:Ga0209717_1007777,TR
3300025838_51,3300025838.a:Ga0208872_1000027,TR
3300025836_38,3300025836.a:Ga0209748_1002356,TR
3300025802_1,3300025802.a:Ga0210111_1000278,TR
3300025772_58,3300025772.a:Ga0208939_1006702,TR
3300025772_13,3300025772.a:Ga0208939_1001126,TR
3300025762_20,3300025762.a:Ga0208040_1001778,TR
3300025748_49,3300025748.a:Ga0208459_1023390,TR
3300025740_84,3300025740.a:Ga0208940_1003734,TR
3300025724_34,3300025724.a:Ga0208196_1004975,TR
3300025720_6,3300025720.a:Ga0208197_1000559,TR
3300025717_5,3300025717.a:Ga0207419_1001542,TR
3300025713_11,3300025713.a:Ga0208195_1009419,TR
3300025708_46,3300025708.a:Ga0209201_1020038,TR
3300025706_4,3300025706.a:Ga0209507_1000460,TR
3300025706_36,3300025706.a:Ga0209507_1005037,TR
3300025699_42,3300025699.a:Ga0209715_1007175,TR
3300025696_13,3300025696.a:Ga0209532_1000004,TR
3300025691_3,3300025691.a:Ga0208826_1000092,TR
3300025689_74,3300025689.a:Ga0209407_1007396,TR
3300025689_49,3300025689.a:Ga0209407_1017504,TR
3300025682_111,3300025682.a:Ga0209718_1003076,TR
3300025669_4,3300025669.a:Ga0208904_1002303,TR
3300025659_55,3300025659.a:Ga0209249_1004239,TR
3300025654_18,3300025654.a:Ga0209196_1001669,TR
3300025648_2,3300025648.a:Ga0208507_1013856,TR
3300025644_46,3300025644.a:Ga0209042_1003384,TR
3300025638_68,3300025638.a:Ga0208198_1001387,TR
3300025638_32,3300025638.a:Ga0208198_1000736,TR
3300025631_27,3300025631.a:Ga0209204_1000819,TR
3300025631_14,3300025631.a:Ga0209204_1004450,TR
3300025614_14,3300025614.a:Ga0209665_1001225,TR
3300025613_13,3300025613.a:Ga0208461_1010061,TR
3300025605_16,3300025605.a:Ga0209720_1011867,TR
3300025603_16,3300025603.a:Ga0208414_1004994,TR
3300025602_34,3300025602.a:Ga0209361_1006669,TR
3300025600_53,3300025600.a:Ga0209125_1000044,TR
3300025597_33,3300025597.a:Ga0208825_1012407,TR
3300025595_4,3300025595.a:Ga0208248_1000061,TR
3300025590_8,3300025590.a:Ga0209195_1000052,TR
3300025589_63,3300025589.a:Ga0209409_1001233,TR
3300025589_13,3300025589.a:Ga0209409_1002286,TR
3300025587_13,3300025587.a:Ga0208938_1000332,TR
3300025587_11,3300025587.a:Ga0208938_1001963,TR
3300025586_35,3300025586.a:Ga0207996_1000564,TR
3300025586_12,3300025586.a:Ga0207996_1001021,TR
3300025577_14,3300025577.a:Ga0209304_1000264,TR
3300025534_10,3300025534.a:Ga0207747_1001815,TR
3300025522_2,3300025522.a:Ga0208371_1000019,TR
3300025514_5,3300025514.a:Ga0208490_100008,TR
3300025512_5,3300025512.a:Ga0208100_100071,TR
3300025510_6,3300025510.a:Ga0208735_100024,TR
3300025502_4,3300025502.a:Ga0208903_1000814,TR
3300025452_7,3300025452.a:Ga0209046_1000317,TR
3300025433_6,3300025433.a:Ga0208900_1000071,TR
3300025416_5,3300025416.a:Ga0208877_1001927,TR
3300025408_41,3300025408.a:Ga0208462_1000982,TR
3300025393_43,3300025393.a:Ga0208041_1003303,TR
3300025378_1,3300025378.a:Ga0207960_1000122,TR
3300025377_1,3300025377.a:Ga0208075_1001395,TR
3300025375_2,3300025375.a:Ga0208259_1000056,TR
3300025365_2,3300025365.a:Ga0208621_1000653,TR
3300025286_7,3300025286.a:Ga0208315_1000187,TR
3300025267_8,3300025267.a:Ga0208179_1000028,TR
3300025260_13,3300025260.a:Ga0207895_1000789,TR
3300025230_1,3300025230.a:Ga0209563_100010,TR
3300025226_5,3300025226.a:Ga0209674_100020,TR
3300025226_3,3300025226.a:Ga0209674_100003,TR
3300025161_28,3300025161.a:Ga0209381_1000062,TR
3300025093_8,3300025093.a:Ga0208794_1000026,TR
3300024955_7,3300024955.a:Ga0208123_100094,TR
3300024908_3,3300024908.a:Ga0208271_100226,TR
3300024502_5,3300024502.a:Ga0255181_1000142,TR
3300024433_4,3300024433.a:Ga0209986_10000248,TR
3300024302_21,3300024302.a:Ga0233449_1000535,TR
3300024258_17,3300024258.a:Ga0233440_1015659,TR
3300024257_14,3300024257.a:Ga0233442_1000416,TR
3300024256_7,3300024256.a:Ga0233446_1000317,TR
3300024252_15,3300024252.a:Ga0233435_1000328,TR
3300024054_68,3300024054.a:Ga0233425_10000103,TR
3300024054_50,3300024054.a:Ga0233425_10000316,TR
3300024046_10,3300024046.a:Ga0222429_100014,TR
3300023435_3,3300023435.a:Ga0222637_1004406,TR
3300023301_7,3300023301.a:Ga0209414_1004030,TR
3300023257_13,3300023257.a:Ga0222658_1000139,TR
3300023247_7,3300023247.a:Ga0224529_1001475,TR
3300023242_3,3300023242.a:Ga0222708_1001208,TR
3300023237_7,3300023237.a:Ga0222650_1002674,TR
3300023233_3,3300023233.a:Ga0222696_1002694,TR
3300023228_4,3300023228.a:Ga0224530_1002654,TR
3300023208_40,3300023208.a:Ga0233424_10001043,TR
3300023179_35,3300023179.a:Ga0214923_10002165,TR
3300023174_31,3300023174.a:Ga0214921_10051245,TR
3300023054_4,3300023054.a:Ga0222648_1002683,TR
3300023039_1,3300023039.a:Ga0233360_1000001,TR
3300022888_11,3300022888.a:Ga0233428_1000445,TR
3300022849_5,3300022849.a:Ga0224531_1000159,TR
3300022842_11,3300022842.a:Ga0222632_1001976,TR
3300022821_16,3300022821.a:Ga0222673_1000045,TR
3300022753_83,3300022753.a:Ga0216341_10000064,TR
3300022753_81,3300022753.a:Ga0216341_10056163,TR
3300022753_122,3300022753.a:Ga0216341_10036023,TR
3300022661_83,3300022661.a:Ga0216339_10000077,TR
3300022661_100,3300022661.a:Ga0216339_10000464,TR
3300022660_91,3300022660.a:Ga0216342_10000088,TR
3300022660_89,3300022660.a:Ga0216342_10080637,TR
3300022660_88,3300022660.a:Ga0216342_10001035,TR
3300022660_212,3300022660.a:Ga0216342_10072182,TR
3300022660_119,3300022660.a:Ga0216342_10002470,TR
3300022181_44,3300022181.a:Ga0228535_1003156,TR
3300022177_23,3300022177.a:Ga0228536_1000066,TR
3300021603_24,3300021603.a:Ga0226659_10000555,TR
3300021515_3,3300021515.a:Ga0163145_1000069,TR
3300021431_77,3300021431.a:Ga0224423_10013145,TR
3300021426_62,3300021426.a:Ga0224482_10001062,TR
3300021426_41,3300021426.a:Ga0224482_10000915,TR
3300021400_80,3300021400.a:Ga0224422_11771593,TR
3300021400_76,3300021400.a:Ga0224422_12696622,TR
3300021400_112,3300021400.a:Ga0224422_10944893,TR
3300021399_50,3300021399.a:Ga0224415_10033103,TR
3300021387_52,3300021387.a:Ga0223845_10248752,TR
3300021387_102,3300021387.a:Ga0223845_12075818,TR
3300021365_22,3300021365.a:Ga0206123_10012511,TR
3300021365_18,3300021365.a:Ga0206123_10016124,TR
3300021357_16,3300021357.a:Ga0213870_1000332,TR
3300021326_27,3300021326.a:Ga0214518_100229,TR
3300021319_30,3300021319.a:Ga0214520_102263,TR
3300021319_29,3300021319.a:Ga0214520_100346,TR
3300021319_16,3300021319.a:Ga0214520_100282,TR
3300021318_34,3300021318.a:Ga0214506_1000353,TR
3300021318_29,3300021318.a:Ga0214506_1001056,TR
3300021311_8,3300021311.a:Ga0214519_100908,TR
3300021311_15,3300021311.a:Ga0214519_100228,TR
3300021311_14,3300021311.a:Ga0214519_100184,TR
3300021310_7,3300021310.a:Ga0214507_100048,TR
3300021310_16,3300021310.a:Ga0214507_100284,TR
3300021310_14,3300021310.a:Ga0214507_100230,TR
3300021306_23,3300021306.a:Ga0214508_1000274,TR
3300021279_4,3300021279.a:Ga0214521_1000024,TR
3300021255_84,3300021255.a:Ga0223825_12619663,TR
3300021255_54,3300021255.a:Ga0223825_12575985,TR
3300021170_16,3300021170.a:Ga0210400_10000272,TR
3300021142_12,3300021142.a:Ga0214192_1000672,TR
3300021135_8,3300021135.a:Ga0214247_1004088,TR
3300021126_2,3300021126.a:Ga0214187_1000083,TR
3300021120_4,3300021120.a:Ga0214188_100181,TR
3300021093_41,3300021093.a:Ga0194123_10019556,TR
3300021092_35,3300021092.a:Ga0194122_10010451,TR
3300021055_1,3300021055.a:Ga0206226_1000214,TR
3300020734_8,3300020734.a:Ga0214235_1000024,TR
3300020726_9,3300020726.a:Ga0214220_1000843,TR
3300020724_7,3300020724.a:Ga0214244_1000075,TR
3300020720_2,3300020720.a:Ga0214252_1000033,TR
3300020719_4,3300020719.a:Ga0214257_1000335,TR
3300020708_6,3300020708.a:Ga0214228_1000002,TR
3300020706_6,3300020706.a:Ga0214217_1000097,TR
3300020703_7,3300020703.a:Ga0214227_1000566,TR
3300020603_41,3300020603.a:Ga0194126_10030422,TR
3300020591_9,3300020591.a:Ga0180223_1002367,TR
3300020578_62,3300020578.a:Ga0194129_10000001,TR
3300020578_60,3300020578.a:Ga0194129_10022199,TR
3300020447_32,3300020447.a:Ga0211691_10000070,TR
3300020382_11,3300020382.a:Ga0211686_10000206,TR
3300020222_74,3300020222.a:Ga0194125_10068232,TR
3300020222_62,3300020222.a:Ga0194125_10024163,TR
3300020220_62,3300020220.a:Ga0194119_10023822,TR
3300020219_28,3300020219.a:Ga0163146_10033131,TR
3300020219_19,3300020219.a:Ga0163146_10001724,TR
3300020214_15,3300020214.a:Ga0194132_10002674,TR
3300020213_72,3300020213.a:Ga0163152_10005274,TR
3300020201_29,3300020201.a:Ga0163154_10000070,TR
3300020200_75,3300020200.a:Ga0194121_10000212,TR
3300020200_49,3300020200.a:Ga0194121_10021685,TR
3300020198_41,3300020198.a:Ga0194120_10041535,TR
3300020197_81,3300020197.a:Ga0194128_10000401,TR
3300020196_41,3300020196.a:Ga0194124_10005126,TR
3300020195_61,3300020195.a:Ga0163150_10038959,TR
3300020195_54,3300020195.a:Ga0163150_10007131,TR
3300020193_65,3300020193.a:Ga0194131_10000172,TR
3300020193_22,3300020193.a:Ga0194131_10007772,TR
3300020190_51,3300020190.a:Ga0194118_10017344,TR
3300020186_59,3300020186.a:Ga0163153_10000011,TR
3300020186_14,3300020186.a:Ga0163153_10003642,TR
3300020144_12,3300020144.a:Ga0206106_100136,TR
3300020083_77,3300020083.a:Ga0194111_10045870,TR
3300020083_46,3300020083.a:Ga0194111_10009887,TR
3300019764_5,3300019764.a:Ga0193963_1000121,TR
3300019759_3,3300019759.a:Ga0193961_1000166,TR
3300019487_45,3300019487.a:Ga0187893_10020883,TR
3300019487_25,3300019487.a:Ga0187893_10002240,TR
3300019458_19,3300019458.a:Ga0187892_10009699,TR
3300019376_50,3300019376.a:Ga0187899_10004195,TR
3300019376_19,3300019376.a:Ga0187899_10005652,TR
3300019375_7,3300019375.a:Ga0187898_1000184,TR
3300019373_28,3300019373.a:Ga0187895_1001071,TR
3300019373_16,3300019373.a:Ga0187895_1001192,TR
3300019372_9,3300019372.a:Ga0187904_1000642,TR
3300019371_10,3300019371.a:Ga0187896_1000900,TR
3300018878_128,3300018878.a:Ga0187910_10000019,TR
3300018475_267,3300018475.a:Ga0187907_10012415,TR
3300018475_139,3300018475.a:Ga0187907_10001295,TR
3300018475_125,3300018475.a:Ga0187907_10000014,TR
3300018430_121,3300018430.a:Ga0187902_10001474,TR
3300018415_45,3300018415.a:Ga0181559_10025967,TR
3300018411_23,3300018411.a:Ga0194137_10001681,TR
3300018411_16,3300018411.a:Ga0194137_10005660,TR
3300018065_27,3300018065.a:Ga0180430_10020018,TR
3300018057_37,3300018057.a:Ga0187858_10004962,TR
3300018025_25,3300018025.a:Ga0187885_10000009,TR
3300018024_28,3300018024.a:Ga0187881_10000008,TR
3300018021_32,3300018021.a:Ga0187882_1004331,TR
3300018021_25,3300018021.a:Ga0187882_1000005,TR
3300018020_33,3300018020.a:Ga0187861_10000009,TR
3300018015_34,3300018015.a:Ga0187866_1000102,TR
3300017998_33,3300017998.a:Ga0187870_1000500,TR
3300017991_20,3300017991.a:Ga0180434_10020996,TR
3300017988_48,3300017988.a:Ga0181520_10009214,TR
3300017988_45,3300017988.a:Ga0181520_10001151,TR
3300017960_22,3300017960.a:Ga0180429_10011193,TR
3300017788_17,3300017788.a:Ga0169931_10028546,TR
3300017652_13,3300017652.a:Ga0182746_1000004,TR
3300017649_12,3300017649.a:Ga0182741_1000005,TR
3300017646_14,3300017646.a:Ga0182737_1000006,TR
3300017548_9,3300017548.a:Ga0182743_1000069,TR
3300017532_96,3300017532.a:Ga0185302_10000160,TR
3300017532_49,3300017532.a:Ga0185302_10002822,TR
3300017532_29,3300017532.a:Ga0185302_10003586,TR
3300017532_110,3300017532.a:Ga0185302_10004881,TR
3300017522_67,3300017522.a:Ga0185323_1017272,TR
3300017522_58,3300017522.a:Ga0185323_1003187,TR
3300017522_5,3300017522.a:Ga0185323_1001497,TR
3300017522_48,3300017522.a:Ga0185323_1000151,TR
3300017522_16,3300017522.a:Ga0185323_1000343,TR
3300017518_19,3300017518.a:Ga0185335_1001936,TR
3300017505_3,3300017505.a:Ga0185315_1000323,TR
3300017473_7,3300017473.a:Ga0185331_1000738,TR
3300017473_2,3300017473.a:Ga0185331_1009585,TR
3300017470_47,3300017470.a:Ga0185344_1003304,TR
3300017470_2,3300017470.a:Ga0185344_1010127,TR
3300017444_60,3300017444.a:Ga0185300_10000032,TR
3300017418_3,3300017418.a:Ga0185314_1000640,TR
3300016461_3,3300016461.a:Ga0126362_10000031,TR
3300015370_9,3300015370.a:Ga0180009_10003466,TR
3300015370_54,3300015370.a:Ga0180009_10005236,TR
3300015360_41,3300015360.a:Ga0163144_10111973,TR
3300015360_147,3300015360.a:Ga0163144_10017055,TR
3300015214_95,3300015214.a:Ga0172382_10074425,TR
3300015214_64,3300015214.a:Ga0172382_10003857,TR
3300015214_131,3300015214.a:Ga0172382_10002232,TR
3300015204_7,3300015204.a:Ga0167626_1004033,TR
3300015198_8,3300015198.a:Ga0167625_1006990,TR
3300015198_6,3300015198.a:Ga0167625_1005759,TR
3300014971_17,3300014971.a:Ga0134442_1003482,TR
3300014964_39,3300014964.a:Ga0134538_1000823,TR
3300014964_11,3300014964.a:Ga0134538_1000028,TR
3300014963_23,3300014963.a:Ga0134523_1000095,TR
3300014961_6,3300014961.a:Ga0134526_1000087,TR
3300014956_14,3300014956.a:Ga0134434_1000364,TR
3300014954_7,3300014954.a:Ga0169837_100043,TR
3300014951_21,3300014951.a:Ga0169829_101234,TR
3300014947_5,3300014947.a:Ga0169813_100634,TR
3300014898_1,3300014898.a:Ga0134467_100020,TR
3300014832_5,3300014832.a:Ga0119905_1001681,TR
3300014807_7,3300014807.a:Ga0134439_1000002,TR
3300014802_7,3300014802.a:Ga0134374_1000396,TR
3300014800_4,3300014800.a:Ga0134399_1000004,TR
3300014799_7,3300014799.a:Ga0134377_1002458,TR
3300014798_5,3300014798.a:Ga0134382_1000085,TR
3300014798_10,3300014798.a:Ga0134382_1000172,TR
3300014797_4,3300014797.a:Ga0134414_1000054,TR
3300014793_7,3300014793.a:Ga0134407_1000041,TR
3300014792_10,3300014792.a:Ga0134427_1002502,TR
3300014791_6,3300014791.a:Ga0134447_1000523,TR
3300014790_5,3300014790.a:Ga0134419_1000095,TR
3300014790_3,3300014790.a:Ga0134419_1000083,TR
3300014788_9,3300014788.a:Ga0134381_1001242,TR
3300014788_10,3300014788.a:Ga0134381_1000707,TR
3300014786_19,3300014786.a:Ga0169450_110515,TR
3300014781_5,3300014781.a:Ga0134426_100009,TR
3300014778_9,3300014778.a:Ga0134408_100152,TR
3300014752_5,3300014752.a:Ga0169821_100083,TR
3300014750_2,3300014750.a:Ga0134554_100012,TR
3300014731_3,3300014731.a:Ga0169770_10110,TR
3300014721_2,3300014721.a:Ga0169771_10015,TR
3300014720_16,3300014720.a:Ga0172376_10053462,TR
3300014713_11,3300014713.a:Ga0169447_100093,TR
3300014656_63,3300014656.a:Ga0180007_10000030,TR
3300014655_21,3300014655.a:Ga0181516_10002356,TR
3300014570_9,3300014570.a:Ga0134400_1000454,TR
3300014565_4,3300014565.a:Ga0169881_100011,TR
3300014561_6,3300014561.a:Ga0134428_101918,TR
3300014555_10,3300014555.a:Ga0134422_100228,TR
3300014553_8,3300014553.a:Ga0134451_100003,TR
3300014551_9,3300014551.a:Ga0134380_100079,TR
3300014545_1,3300014545.a:Ga0134392_100035,TR
3300014539_8,3300014539.a:Ga0169882_100046,TR
3300014539_11,3300014539.a:Ga0169882_100710,TR
3300014535_6,3300014535.a:Ga0169873_100601,TR
3300014530_8,3300014530.a:Ga0169724_100092,TR
3300014529_3,3300014529.a:Ga0169876_100093,TR
3300014512_3,3300014512.a:Ga0169879_10284,TR
3300014502_64,3300014502.a:Ga0182021_10008893,TR
3300014502_59,3300014502.a:Ga0182021_10021161,TR
3300014208_114,3300014208.a:Ga0172379_10016008,TR
3300014208_101,3300014208.a:Ga0172379_10000458,TR
3300014206_76,3300014206.a:Ga0172377_10002602,TR
3300014206_45,3300014206.a:Ga0172377_10003230,TR
3300014206_120,3300014206.a:Ga0172377_10001247,TR
3300014205_50,3300014205.a:Ga0172380_10006919,TR
3300014205_105,3300014205.a:Ga0172380_10000484,TR
3300014204_90,3300014204.a:Ga0172381_10002121,TR
3300014204_48,3300014204.a:Ga0172381_10034691,TR
3300014204_28,3300014204.a:Ga0172381_10003108,TR
3300014204_16,3300014204.a:Ga0172381_10000749,TR
3300014204_109,3300014204.a:Ga0172381_10000481,TR
3300014203_21,3300014203.a:Ga0172378_10000310,TR
3300014203_20,3300014203.a:Ga0172378_10010214,TR
3300014151_10,3300014151.a:Ga0181539_1000162,TR
3300014109_6,3300014109.a:Ga0134347_1001804,TR
3300014057_22,3300014057.a:Ga0120384_1000332,TR
3300013903_3,3300013903.a:Ga0117802_1000126,TR
3300013902_3,3300013902.a:Ga0116620_1000214,TR
3300013884_3,3300013884.a:Ga0181304_100007,TR
3300013830_14,3300013830.a:Ga0120377_1000033,TR
3300013818_2,3300013818.a:Ga0121660_100003,TR
3300013498_5,3300013498.a:Ga0120909_100086,TR
3300013497_5,3300013497.a:Ga0121334_100063,TR
3300013427_14,3300013427.a:Ga0120106_1000061,TR
3300013383_8,3300013383.a:Ga0116616_1000438,TR
3300013383_3,3300013383.a:Ga0116616_1000037,TR
3300013382_11,3300013382.a:Ga0116618_100733,TR
3300013232_24,3300013232.a:Ga0170573_10491070,TR
3300013138_98,3300013138.a:Ga0172371_10018223,TR
3300013138_28,3300013138.a:Ga0172371_10010773,TR
3300013138_220,3300013138.a:Ga0172371_10009565,TR
3300013138_183,3300013138.a:Ga0172371_10002447,TR
3300013138_175,3300013138.a:Ga0172371_10003145,TR
3300013138_14,3300013138.a:Ga0172371_10019197,TR
3300013137_5,3300013137.a:Ga0172375_10041578,TR
3300013137_248,3300013137.a:Ga0172375_10000681,TR
3300013137_246,3300013137.a:Ga0172375_10018002,TR
3300013137_226,3300013137.a:Ga0172375_10001731,TR
3300013137_220,3300013137.a:Ga0172375_10000044,TR
3300013137_212,3300013137.a:Ga0172375_10009142,TR
3300013137_205,3300013137.a:Ga0172375_10009042,TR
3300013137_144,3300013137.a:Ga0172375_10003612,TR
3300013137_117,3300013137.a:Ga0172375_10000202,TR
3300013136_59,3300013136.a:Ga0172370_10016422,TR
3300013136_189,3300013136.a:Ga0172370_10011355,TR
3300013136_178,3300013136.a:Ga0172370_10001708,TR
3300013136_148,3300013136.a:Ga0172370_10006860,TR
3300013136_147,3300013136.a:Ga0172370_10000379,TR
3300013136_117,3300013136.a:Ga0172370_10001198,TR
3300013132_91,3300013132.a:Ga0172372_10000994,TR
3300013132_32,3300013132.a:Ga0172372_10002468,TR
3300013132_23,3300013132.a:Ga0172372_10039487,TR
3300013131_76,3300013131.a:Ga0172373_10009867,TR
3300013131_52,3300013131.a:Ga0172373_10000634,TR
3300013131_27,3300013131.a:Ga0172373_10006312,TR
3300013131_17,3300013131.a:Ga0172373_10002316,TR
3300013131_115,3300013131.a:Ga0172373_10002665,TR
3300013128_76,3300013128.a:Ga0172366_10013960,TR
3300013128_124,3300013128.a:Ga0172366_10006953,TR
3300013126_46,3300013126.a:Ga0172367_10051551,TR
3300013126_26,3300013126.a:Ga0172367_10001369,TR
3300013126_12,3300013126.a:Ga0172367_10001900,TR
3300013125_93,3300013125.a:Ga0172369_10001117,TR
3300013125_176,3300013125.a:Ga0172369_10014646,TR
3300013125_157,3300013125.a:Ga0172369_10001384,TR
3300013125_136,3300013125.a:Ga0172369_10006406,TR
3300013125_125,3300013125.a:Ga0172369_10000580,TR
3300013125_116,3300013125.a:Ga0172369_10000338,TR
3300013125_115,3300013125.a:Ga0172369_10021203,TR
3300013125_114,3300013125.a:Ga0172369_10002412,TR
3300013125_104,3300013125.a:Ga0172369_10001066,TR
3300013123_96,3300013123.a:Ga0172368_10000957,TR
3300013123_145,3300013123.a:Ga0172368_10005788,TR
3300013123_117,3300013123.a:Ga0172368_10000389,TR
3300013122_78,3300013122.a:Ga0172374_1001792,TR
3300013122_53,3300013122.a:Ga0172374_1000476,TR
3300013122_33,3300013122.a:Ga0172374_1000056,TR
3300013103_111,3300013103.a:Ga0164318_10000205,TR
3300013016_1,3300013016.a:Ga0163224_100009,TR
3300012974_32,3300012974.a:Ga0123350_10029178,TR
3300012956_33,3300012956.a:Ga0154020_10007589,TR
3300012921_12,3300012921.a:Ga0164290_1000299,TR
3300012856_4,3300012856.a:Ga0160473_100156,TR
3300012533_44,3300012533.a:Ga0138256_10003730,TR
3300012344_5,3300012344.a:Ga0116650_1001476,TR
3300012276_1,3300012276.a:Ga0121624_100005,TR
3300012271_7,3300012271.a:Ga0136555_1000035,TR
3300012270_6,3300012270.a:Ga0136604_1002614,TR
3300012270_15,3300012270.a:Ga0136604_1001871,TR
3300012147_1,3300012147.a:Ga0136588_1002887,TR
3300012128_1,3300012128.a:Ga0136582_1000354,TR
3300012106_8,3300012106.a:Ga0136575_101466,TR
3300012044_7,3300012044.a:Ga0136636_10016968,TR
3300012036_22,3300012036.a:Ga0136600_1000075,TR
3300012036_10,3300012036.a:Ga0136600_1000286,TR
3300012032_11,3300012032.a:Ga0136554_1001524,TR
3300012018_10,3300012018.a:Ga0119867_1007431,TR
3300012007_6,3300012007.a:Ga0120382_1003884,TR
3300011997_29,3300011997.a:Ga0120162_1001012,TR
3300011989_21,3300011989.a:Ga0120380_1000428,TR
3300011988_8,3300011988.a:Ga0119784_1008630,TR
3300011980_9,3300011980.a:Ga0119777_1002948,TR
3300011980_6,3300011980.a:Ga0119777_1002168,TR
3300011977_13,3300011977.a:Ga0120375_1000047,TR
3300011976_14,3300011976.a:Ga0119798_1000034,TR
3300011888_4,3300011888.a:Ga0121629_100070,TR
3300011855_3,3300011855.a:Ga0121608_100718,TR
3300011616_1,3300011616.a:Ga0120986_100009,TR
3300011571_5,3300011571.a:Ga0121734_100788,TR
3300011478_2,3300011478.a:Ga0120917_10350,TR
3300011133_1,3300011133.a:Ga0122860_100028,TR
3300011006_12,3300011006.a:Ga0139320_1000940,TR
3300011002_40,3300011002.a:Ga0139310_1000269,TR
3300010998_64,3300010998.a:Ga0139311_1000018,TR
3300010998_63,3300010998.a:Ga0139311_1001091,TR
3300010998_35,3300010998.a:Ga0139311_1002966,TR
3300010998_29,3300010998.a:Ga0139311_1000078,TR
3300010998_23,3300010998.a:Ga0139311_1002077,TR
3300010285_26,3300010285.a:Ga0134091_1005238,TR
3300010285_10,3300010285.a:Ga0134091_1008922,TR
3300010283_8,3300010283.a:Ga0129312_1000198,TR
3300010283_4,3300010283.a:Ga0129312_1000140,TR
3300010283_19,3300010283.a:Ga0129312_1001905,TR
3300010283_13,3300010283.a:Ga0129312_1000008,TR
3300010282_9,3300010282.a:Ga0129307_1005270,TR
3300010282_6,3300010282.a:Ga0129307_1000366,TR
3300010282_53,3300010282.a:Ga0129307_1000833,TR
3300010282_21,3300010282.a:Ga0129307_1000014,TR
3300010282_15,3300010282.a:Ga0129307_1006458,TR
3300010282_1,3300010282.a:Ga0129307_1000128,TR
3300010280_13,3300010280.a:Ga0129308_1000122,TR
3300010279_4,3300010279.a:Ga0129313_1000255,TR
3300010278_16,3300010278.a:Ga0129311_1000147,TR
3300010276_10,3300010276.a:Ga0134104_1000069,TR
3300010275_23,3300010275.a:Ga0129310_1000015,TR
3300010275_18,3300010275.a:Ga0129310_1000604,TR
3300010274_30,3300010274.a:Ga0134100_1000229,TR
3300010274_22,3300010274.a:Ga0134100_1003996,TR
3300010270_46,3300010270.a:Ga0129306_1004351,TR
3300010270_33,3300010270.a:Ga0129306_1000574,TR
3300010270_17,3300010270.a:Ga0129306_1001139,TR
3300010269_20,3300010269.a:Ga0134102_1000246,TR
3300010266_28,3300010266.a:Ga0129314_1000405,TR
3300010265_9,3300010265.a:Ga0134098_1004973,TR
3300010262_29,3300010262.a:Ga0129317_1002102,TR
3300010261_6,3300010261.a:Ga0129309_1000088,TR
3300010260_12,3300010260.a:Ga0129315_1000004,TR
3300010259_11,3300010259.a:Ga0129316_1001012,TR
3300010167_84,3300010167.a:Ga0123353_10002486,TR
3300010153_18,3300010153.a:Ga0098059_1002395,TR
3300010049_66,3300010049.a:Ga0123356_10031819,TR
3300010049_56,3300010049.a:Ga0123356_10000298,TR
3300010049_54,3300010049.a:Ga0123356_10000038,TR
3300010049_49,3300010049.a:Ga0123356_10000166,TR
3300010049_124,3300010049.a:Ga0123356_10002763,TR
3300009826_52,3300009826.a:Ga0123355_10000781,TR
3300009769_95,3300009769.a:Ga0116184_10027449,TR
3300009769_11,3300009769.a:Ga0116184_10000573,TR
3300009702_61,3300009702.a:Ga0114931_10022266,TR
3300009566_5,3300009566.a:Ga0130025_1128635,TR
3300009540_11,3300009540.a:Ga0073899_10039148,TR
3300009343_3,3300009343.a:Ga0114310_100067,TR
3300009083_26,3300009083.a:Ga0105047_10120852,TR
3300009083_225,3300009083.a:Ga0105047_10000757,TR
3300008750_12,3300008750.a:Ga0114087_100042,TR
3300008744_32,3300008744.a:Ga0114025_1000149,TR
3300008744_26,3300008744.a:Ga0114025_1002066,TR
3300008737_4,3300008737.a:Ga0113999_100064,TR
3300008734_10,3300008734.a:Ga0113998_103906,TR
3300008725_7,3300008725.a:Ga0115670_1000224,TR
3300008716_7,3300008716.a:Ga0113874_100449,TR
3300008716_14,3300008716.a:Ga0113874_100105,TR
3300008712_16,3300008712.a:Ga0113873_100227,TR
3300008705_11,3300008705.a:Ga0113869_1000106,TR
3300008705_10,3300008705.a:Ga0113869_1000400,TR
3300008700_1,3300008700.a:Ga0113865_100012,TR
3300008672_8,3300008672.a:Ga0111519_104167,TR
3300008672_14,3300008672.a:Ga0111519_100458,TR
3300008660_2,3300008660.a:Ga0111492_100016,TR
3300008640_4,3300008640.a:Ga0111422_100041,TR
3300008640_30,3300008640.a:Ga0111422_100216,TR
3300008640_22,3300008640.a:Ga0111422_100107,TR
3300008640_10,3300008640.a:Ga0111422_100039,TR
3300008636_11,3300008636.a:Ga0111420_100381,TR
3300008622_22,3300008622.a:Ga0111363_100154,TR
3300008622_13,3300008622.a:Ga0111363_100375,TR
3300008620_5,3300008620.a:Ga0111272_100334,TR
3300008599_4,3300008599.a:Ga0111091_100100,TR
3300008599_31,3300008599.a:Ga0111091_100108,TR
3300008599_1,3300008599.a:Ga0111091_100473,TR
3300008571_8,3300008571.a:Ga0111077_100010,TR
3300008571_14,3300008571.a:Ga0111077_100753,TR
3300008551_13,3300008551.a:Ga0111058_100856,TR
3300008551_11,3300008551.a:Ga0111058_105961,TR
3300008547_4,3300008547.a:Ga0111055_100317,TR
3300008547_17,3300008547.a:Ga0111055_100191,TR
3300008523_8,3300008523.a:Ga0115231_1002213,TR
3300008523_5,3300008523.a:Ga0115231_1001382,TR
3300008523_18,3300008523.a:Ga0115231_1000027,TR
3300008520_6,3300008520.a:Ga0111044_101168,TR
3300008520_3,3300008520.a:Ga0111044_100485,TR
3300008513_5,3300008513.a:Ga0111022_100793,TR
3300008512_7,3300008512.a:Ga0115181_100048,TR
3300008512_1,3300008512.a:Ga0115181_100073,TR
3300008504_1,3300008504.a:Ga0114860_100012,TR
3300008499_2,3300008499.a:Ga0111012_100239,TR
3300008497_3,3300008497.a:Ga0111011_100035,TR
3300008496_3,3300008496.a:Ga0115078_100039,TR
3300008493_5,3300008493.a:Ga0111009_1001082,TR
3300008491_18,3300008491.a:Ga0111008_102452,TR
3300008479_9,3300008479.a:Ga0114883_1000226,TR
3300008479_22,3300008479.a:Ga0114883_1001148,TR
3300008478_3,3300008478.a:Ga0114882_100095,TR
3300008421_3,3300008421.a:Ga0115417_100400,TR
3300008404_1,3300008404.a:Ga0115185_100227,TR
3300008385_6,3300008385.a:Ga0114873_100401,TR
3300008383_8,3300008383.a:Ga0114870_100166,TR
3300008362_4,3300008362.a:Ga0115107_100209,TR
3300008361_3,3300008361.a:Ga0115082_100155,TR
3300008361_2,3300008361.a:Ga0115082_100113,TR
3300008345_5,3300008345.a:Ga0115409_101459,TR
3300008299_10,3300008299.a:Ga0114868_1000092,TR
3300008282_20,3300008282.a:Ga0114156_1002955,TR
3300008282_19,3300008282.a:Ga0114156_1000208,TR
3300008275_8,3300008275.a:Ga0114253_1000074,TR
3300008272_25,3300008272.a:Ga0111092_1000213,TR
3300008269_5,3300008269.a:Ga0114154_100435,TR
3300008268_43,3300008268.a:Ga0111491_1000198,TR
3300008268_37,3300008268.a:Ga0111491_1000458,TR
3300008268_26,3300008268.a:Ga0111491_1003382,TR
3300008260_7,3300008260.a:Ga0114292_100286,TR
3300008260_4,3300008260.a:Ga0114292_100399,TR
3300008149_15,3300008149.a:Ga0114293_101199,TR
3300008132_22,3300008132.a:Ga0111230_1001556,TR
3300008132_2,3300008132.a:Ga0111230_1000228,TR
3300008130_6,3300008130.a:Ga0114850_101745,TR
3300008125_7,3300008125.a:Ga0114856_1006065,TR
3300008103_23,3300008103.a:Ga0114180_100223,TR
3300008103_18,3300008103.a:Ga0114180_100042,TR
3300008101_27,3300008101.a:Ga0114024_100219,TR
3300008101_15,3300008101.a:Ga0114024_100059,TR
3300008100_8,3300008100.a:Ga0114174_100194,TR
3300008096_46,3300008096.a:Ga0114155_1010717,TR
3300008096_43,3300008096.a:Ga0114155_1000150,TR
3300008096_40,3300008096.a:Ga0114155_1000504,TR
3300008096_16,3300008096.a:Ga0114155_1000418,TR
3300008081_21,3300008081.a:Ga0113559_100636,TR
3300008079_8,3300008079.a:Ga0105956_100051,TR
3300008079_7,3300008079.a:Ga0105956_100109,TR
3300008077_3,3300008077.a:Ga0105964_1001995,TR
3300008063_19,3300008063.a:Ga0113867_101235,TR
3300008063_15,3300008063.a:Ga0113867_100063,TR
3300008060_13,3300008060.a:Ga0114177_100429,TR
3300008058_6,3300008058.a:Ga0114167_100290,TR
3300007991_14,3300007991.a:Ga0105643_100322,TR
3300007977_5,3300007977.a:Ga0111542_100959,TR
3300007976_8,3300007976.a:Ga0114368_100590,TR
3300007966_10,3300007966.a:Ga0105959_103272,TR
3300007924_6,3300007924.a:Ga0113552_100171,TR
3300007798_7,3300007798.a:Ga0105755_100013,TR
3300007796_18,3300007796.a:Ga0105889_100106,TR
3300007793_28,3300007793.a:Ga0105888_100311,TR
3300007793_21,3300007793.a:Ga0105888_103931,TR
3300007793_17,3300007793.a:Ga0105888_100087,TR
3300007782_6,3300007782.a:Ga0105808_100105,TR
3300007742_9,3300007742.a:Ga0105758_1002729,TR
3300007742_20,3300007742.a:Ga0105758_1001233,TR
3300007742_14,3300007742.a:Ga0105758_1000372,TR
3300007722_31,3300007722.a:Ga0105051_10021966,TR
3300007722_23,3300007722.a:Ga0105051_10000219,TR
3300007722_14,3300007722.a:Ga0105051_10020753,TR
3300007717_5,3300007717.a:Ga0105662_100150,TR
3300007717_16,3300007717.a:Ga0105662_101658,TR
3300007714_7,3300007714.a:Ga0105661_1000148,TR
3300007669_3,3300007669.a:Ga0105546_102805,TR
3300007669_27,3300007669.a:Ga0105546_102351,TR
3300007669_18,3300007669.a:Ga0105546_100089,TR
3300007648_5,3300007648.a:Ga0105531_101303,TR
3300007641_15,3300007641.a:Ga0105527_100461,TR
3300007530_3,3300007530.a:Ga0104842_100011,TR
3300007524_4,3300007524.a:Ga0105481_1000019,TR
3300007524_30,3300007524.a:Ga0105481_1000017,TR
3300007524_24,3300007524.a:Ga0105481_1001519,TR
3300007519_65,3300007519.a:Ga0105055_10016156,TR
3300007519_36,3300007519.a:Ga0105055_10001472,TR
3300007519_35,3300007519.a:Ga0105055_10003087,TR
3300007501_3,3300007501.a:Ga0104994_100171,TR
3300007501_1,3300007501.a:Ga0104994_100063,TR
3300007498_5,3300007498.a:Ga0104980_100174,TR
3300007362_6,3300007362.a:Ga0104788_100427,TR
3300007361_1,3300007361.a:Ga0104787_100718,TR
3300007360_22,3300007360.a:Ga0104766_1006201,TR
3300007356_5,3300007356.a:Ga0104763_100217,TR
3300007356_4,3300007356.a:Ga0104763_100118,TR
3300007356_14,3300007356.a:Ga0104763_100906,TR
3300007354_11,3300007354.a:Ga0104761_1000909,TR
3300007353_4,3300007353.a:Ga0104758_100021,TR
3300007353_10,3300007353.a:Ga0104758_100202,TR
3300007313_1,3300007313.a:Ga0104961_10432,TR
3300007305_4,3300007305.a:Ga0104872_100379,TR
3300007305_28,3300007305.a:Ga0104872_103603,TR
3300007305_20,3300007305.a:Ga0104872_100410,TR
3300007305_13,3300007305.a:Ga0104872_100809,TR
3300007305_11,3300007305.a:Ga0104872_102107,TR
3300007299_24,3300007299.a:Ga0104319_1001109,TR
3300007298_5,3300007298.a:Ga0104838_100235,TR
3300007288_5,3300007288.a:Ga0104346_100909,TR
3300007288_3,3300007288.a:Ga0104346_100133,TR
3300007222_43,3300007222.a:Ga0104061_101230,TR
3300007222_12,3300007222.a:Ga0104061_100029,TR
3300007208_5,3300007208.a:Ga0103291_104744,TR
3300007208_11,3300007208.a:Ga0103291_101479,TR
3300007194_5,3300007194.a:Ga0103269_100055,TR
3300007184_3,3300007184.a:Ga0103258_100076,TR
3300007184_14,3300007184.a:Ga0103258_100027,TR
3300007111_14,3300007111.a:Ga0102634_100269,TR
3300007109_6,3300007109.a:Ga0102633_100021,TR
3300007105_19,3300007105.a:Ga0102630_102872,TR
3300007098_3,3300007098.a:Ga0102540_100235,TR
3300007098_1,3300007098.a:Ga0102540_100026,TR
3300006747_7,3300006747.a:Ga0101801_100025,TR
3300006747_1,3300006747.a:Ga0101801_100374,TR
3300006746_8,3300006746.a:Ga0101796_101030,TR
3300006739_9,3300006739.a:Ga0101793_100385,TR
3300006739_4,3300006739.a:Ga0101793_100250,TR
3300006739_12,3300006739.a:Ga0101793_100033,TR
3300006739_10,3300006739.a:Ga0101793_100095,TR
3300006722_3,3300006722.a:Ga0101786_100298,TR
3300006568_31,3300006568.a:Ga0100215_100006,TR
3300006568_12,3300006568.a:Ga0100215_100345,TR
3300006564_13,3300006564.a:Ga0100366_100088,TR
3300006525_6,3300006525.a:Ga0101027_100956,TR
3300006525_23,3300006525.a:Ga0101027_103377,TR
3300006517_10,3300006517.a:Ga0100964_111119,TR
3300006499_6,3300006499.a:Ga0100371_100001,TR
3300006499_5,3300006499.a:Ga0100371_100111,TR
3300006499_11,3300006499.a:Ga0100371_100014,TR
3300006476_10,3300006476.a:Ga0100233_100105,TR
3300006464_35,3300006464.a:Ga0100221_1000223,TR
3300006463_14,3300006463.a:Ga0100176_1000432,TR
3300006460_9,3300006460.a:Ga0100061_100012,TR
3300006428_2,3300006428.a:Ga0100050_10022,TR
3300006427_1,3300006427.a:Ga0100049_10273,TR
3300006349_4,3300006349.a:Ga0099714_100454,TR
3300006299_7,3300006299.a:Ga0099524_100008,TR
3300006298_5,3300006298.a:Ga0099618_100275,TR
3300006259_8,3300006259.a:Ga0099458_101121,TR
3300006252_1,3300006252.a:Ga0099396_100142,TR
3300006226_71,3300006226.a:Ga0099364_10001504,TR
3300006226_64,3300006226.a:Ga0099364_10000529,TR
3300006226_62,3300006226.a:Ga0099364_10000162,TR
3300006226_157,3300006226.a:Ga0099364_10000100,TR
3300006226_144,3300006226.a:Ga0099364_10001619,TR
3300006192_11,3300006192.a:Ga0075011_10000091,TR
3300005673_1,3300005673.a:Ga0074422_100565,TR
3300005662_6,3300005662.a:Ga0078894_10039195,TR
3300005518_57,3300005518.a:Ga0070699_100002261,TR
3300005512_8,3300005512.a:Ga0074648_1012078,TR
3300005512_6,3300005512.a:Ga0074648_1017776,TR
3300005512_28,3300005512.a:Ga0074648_1002345,TR
3300005470_4,3300005470.a:Ga0074646_100006,TR
3300005460_26,3300005460.a:Ga0073908_1000358,TR
3300005443_3,3300005443.a:Ga0074258_100994,TR
3300005407_4,3300005407.a:Ga0074248_1091551,TR
3300005326_82,3300005326.a:Ga0074195_1001170,TR
3300005326_79,3300005326.a:Ga0074195_1000003,TR
3300005287_8,3300005287.a:Ga0065711_1028780,TR
3300005282_5,3300005282.a:Ga0065701_1012802,TR
3300005279_15,3300005279.a:Ga0065709_1029592,TR
3300005086_15,3300005086.a:Ga0072334_10355769,TR
3300005068_7,3300005068.a:Ga0070769_1116342,TR
3300003894_41,3300003894.a:Ga0063241_1000201,TR
3300003541_41,3300003541.a:JGI20214J51650_10002993,TR
3300003177_2,3300003177.a:DffDRAFT_1002087,TR
3300002856_6,3300002856.a:draft_11521727,TR
3300002856_29,3300002856.a:draft_11522509,TR
3300002821_26,3300002821.a:Iso3TCLC_10012406,TR
3300002504_8,3300002504.a:JGI24705J35276_12235355,TR
3300002501_4,3300002501.a:JGI24703J35330_11748569,TR
3300002173_22,3300002173.a:JGI24709J26583_10004274,TR
3300002164_50,3300002164.a:JGI24708J26588_10002107,TR
3300001970_10,3300001970.a:GOS2248_10034039,TR
3300001605_32,3300001605.a:Draft_10010296,TR
3300001598_36,3300001598.a:EMG_10031143,TR
3300001598_32,3300001598.a:EMG_10001175,TR
3300001096_9,3300001096.a:JGI11944J13513_1001679,TR
3300001096_25,3300001096.a:JGI11944J13513_1001909,TR
3300001096_21,3300001096.a:JGI11944J13513_1000499,TR
3300000839_23,3300000839.a:JGI994J12354_10010711,TR
3300000568_69,3300000568.a:Draft_10667516,TR
3300000568_56,3300000568.a:Draft_10003277,TR
3300000496_4,3300000496.a:GooDraft_1000047,TR
3300000447_4,3300000447.a:SR_TP_S13solDRAFT_1001052,TR
3300000318_7,3300000318.a:WSSedL1CaDRAFT_10006911,TR
3300000236_4,3300000236.a:TB_FS08_3DRAFT_1005124,TR
3300000232_8,3300000232.a:TB_PC08_64DRAFT_1008751,TR
3300000205_10,3300000205.a:NICFPass4XylDRAFT_c000209,TR
3300000172_5,3300000172.a:SI34jun09_200mDRAFT_c1000269,TR
3300000150_5,3300000150.a:SI48aug10_120mDRAFT_c1002312,TR
2061766007_78,2061766007.a:rumenHiSeq_NODE_2734934_len_272161_cov_4_412877,TR
2049941000_46,2049941000.a:900MB_Assembly_NODE_1005848_len_36034_cov_7_873647,TR
